order_id,distance_km,prep_time_min,traffic_density,weather_condition,time_of_day,delivery_partner_rating,delivery_time_min
ORD_10000,8.91,20.3,High,Cloudy,Evening,3.68,56.0
ORD_10001,6.12,24.2,Low,Clear,Night,4.27,37.9
ORD_10002,5.76,17.4,High,Clear,Afternoon,4.56,32.6
ORD_10003,5.76,26.4,Low,Foggy,Night,4.69,43.1
ORD_10004,15.42,21.8,High,Clear,Evening,4.76,76.8
ORD_10005,10.32,15.9,,Clear,Evening,4.55,88.5
ORD_10006,4.93,19.9,Medium,Cloudy,Night,4.83,28.8
ORD_10007,9.14,18.6,Low,Sunny,Night,4.49,34.9
ORD_10008,7.7,22.9,Low,Rainy,Evening,4.77,50.0
ORD_10009,1.51,12.9,Medium,Sunny,Afternoon,4.25,13.7
ORD_10010,3.33,19.8,High,Cloudy,Evening,4.9,40.0
ORD_10011,8.03,22.4,,Sunny,Evening,4.6,77.8
ORD_10012,14.62,20.2,High,Foggy,Evening,4.81,81.8
ORD_10013,5.79,28.1,High,Clear,Evening,4.57,55.2
ORD_10014,4.68,24.6,High,Sunny,Afternoon,4.84,44.4
ORD_10015,7.13,20.0,Medium,Foggy,Afternoon,4.23,42.2
ORD_10016,4.5,21.3,Medium,Cloudy,Morning,4.72,29.0
ORD_10017,5.55,21.8,Low,Cloudy,Night,4.9,31.1
ORD_10018,6.61,22.4,Low,Clear,Morning,4.6,30.1
ORD_10019,3.21,9.0,High,Sunny,Evening,4.68,22.4
ORD_10020,10.62,18.2,Medium,Clear,Night,4.45,41.8
ORD_10021,2.82,11.1,Medium,Clear,Afternoon,4.17,13.5
ORD_10022,2.58,27.7,High,Sunny,Evening,3.88,38.0
ORD_10023,7.5,19.6,Medium,Stormy,Evening,4.77,126.1
ORD_10024,10.16,18.8,Medium,Clear,Morning,4.51,43.2
ORD_10025,7.39,25.4,Medium,Clear,Afternoon,4.28,41.9
ORD_10026,6.21,22.5,High,Clear,Evening,4.99,99.7
ORD_10027,5.51,13.2,Medium,Rainy,Afternoon,3.91,39.1
ORD_10028,4.96,19.6,High,Sunny,Evening,4.4,38.6
ORD_10029,11.98,18.0,Low,Sunny,Evening,3.7,47.6
ORD_10030,8.08,9.5,Medium,Rainy,Morning,4.19,37.3
ORD_10031,5.21,15.9,Medium,Clear,Afternoon,4.95,32.8
ORD_10032,4.27,18.9,Medium,Sunny,Morning,4.38,33.0
ORD_10033,9.49,19.3,Medium,Clear,Morning,4.79,41.4
ORD_10034,11.82,11.1,High,Clear,Evening,4.66,57.9
ORD_10035,11.24,26.9,Medium,Clear,Evening,4.25,55.1
ORD_10036,3.79,19.4,High,Clear,Morning,3.91,35.3
ORD_10037,5.48,20.2,High,Sunny,Evening,4.37,40.5
ORD_10038,4.9,22.4,High,Clear,Afternoon,4.75,37.2
ORD_10039,5.94,15.3,Medium,Clear,Night,4.67,31.3
ORD_10040,10.56,22.7,High,Clear,Afternoon,4.92,61.1
ORD_10041,13.88,17.8,Medium,Clear,Morning,4.93,52.7
ORD_10042,8.25,14.6,Jam,Clear,Evening,4.82,69.5
ORD_10043,4.36,23.4,Jam,Clear,Evening,4.49,53.6
ORD_10044,6.52,29.0,Medium,Stormy,Afternoon,4.28,57.7
ORD_10045,15.31,24.3,High,Sunny,Afternoon,4.92,78.1
ORD_10046,7.03,25.5,Low,Cloudy,Morning,4.45,38.4
ORD_10047,5.52,16.9,Low,Rainy,Afternoon,4.64,30.4
ORD_10048,5.81,10.4,,Cloudy,Morning,4.81,21.7
ORD_10049,8.23,28.9,Jam,Cloudy,Evening,4.19,87.7
ORD_10050,3.88,32.3,Medium,Cloudy,Night,4.7,38.2
ORD_10051,4.82,29.3,High,Cloudy,Evening,4.32,56.2
ORD_10052,11.15,18.0,Low,Foggy,Morning,4.3,40.3
ORD_10053,8.1,13.1,Low,Clear,Night,4.23,25.6
ORD_10054,7.07,13.6,High,Clear,Evening,4.51,44.3
ORD_10055,11.45,9.9,High,Clear,Morning,4.16,47.1
ORD_10056,4.19,19.4,Medium,Rainy,Evening,4.33,41.5
ORD_10057,5.42,29.6,Medium,Sunny,Afternoon,4.34,40.0
ORD_10058,7.95,19.2,Jam,Foggy,Afternoon,4.39,129.3
ORD_10059,7.79,21.8,High,Sunny,Morning,4.9,52.0
ORD_10060,2.4,28.3,Jam,Sunny,Evening,4.3,48.8
ORD_10061,5.09,17.6,Medium,Sunny,Morning,4.45,27.1
ORD_10062,6.03,32.2,Jam,Cloudy,Evening,4.84,74.2
ORD_10063,8.46,32.0,Jam,Cloudy,Evening,4.2,96.1
ORD_10064,7.77,19.2,High,Sunny,Afternoon,4.18,46.6
ORD_10065,6.37,16.5,High,Cloudy,Morning,4.42,39.0
ORD_10066,1.5,24.2,Jam,Clear,Evening,4.58,35.7
ORD_10067,6.56,17.9,Medium,Sunny,Evening,4.35,36.3
ORD_10068,6.92,13.1,Low,Sunny,Afternoon,4.77,23.8
ORD_10069,22.63,27.7,High,Rainy,Evening,3.64,124.6
ORD_10070,5.91,27.3,Medium,Rainy,Morning,4.42,47.3
ORD_10071,7.98,20.9,Medium,Sunny,Afternoon,4.89,41.0
ORD_10072,12.51,12.4,High,Clear,Evening,4.77,59.7
ORD_10073,10.23,12.6,Low,Rainy,Evening,4.13,37.2
ORD_10074,14.19,20.6,Low,Clear,Morning,4.84,51.3
ORD_10075,2.43,17.0,Medium,Sunny,Afternoon,4.58,17.3
ORD_10076,3.39,18.0,Medium,Clear,Afternoon,4.31,28.3
ORD_10077,4.61,26.1,Medium,Sunny,Night,3.96,36.2
ORD_10078,2.13,24.4,Jam,Cloudy,Afternoon,4.63,38.9
ORD_10079,6.95,28.3,High,Sunny,Afternoon,4.47,50.8
ORD_10080,3.57,14.1,High,Foggy,Evening,4.17,33.7
ORD_10081,15.21,17.9,Low,Cloudy,Afternoon,4.34,49.6
ORD_10082,3.95,24.6,Medium,Cloudy,Afternoon,4.31,32.0
ORD_10083,5.44,22.7,Jam,Sunny,Evening,4.44,59.6
ORD_10084,10.57,29.2,High,Clear,Evening,3.77,75.5
ORD_10085,2.8,22.5,Medium,Cloudy,Evening,4.73,30.8
ORD_10086,2.02,31.1,High,Cloudy,Morning,4.84,39.6
ORD_10087,7.45,23.2,Jam,Sunny,Evening,4.58,75.0
ORD_10088,7.78,26.4,Low,Sunny,Morning,4.73,37.9
ORD_10089,10.39,18.1,Medium,Sunny,Afternoon,3.8,45.7
ORD_10090,9.03,20.1,Medium,Cloudy,Morning,4.23,44.5
ORD_10091,7.95,25.5,Low,Cloudy,Evening,4.6,41.3
ORD_10092,4.26,29.7,Jam,Cloudy,Evening,4.45,63.6
ORD_10093,7.66,24.4,Jam,Foggy,Evening,4.75,82.4
ORD_10094,7.94,19.5,,Cloudy,Evening,4.44,52.7
ORD_10095,4.15,28.3,High,Clear,Morning,4.06,43.8
ORD_10096,17.55,8.0,High,Cloudy,Afternoon,3.84,71.2
ORD_10097,8.79,11.5,High,Cloudy,Evening,4.84,46.8
ORD_10098,3.43,24.1,High,Clear,Afternoon,4.77,28.8
ORD_10099,10.42,20.1,High,Sunny,Afternoon,4.08,61.2
ORD_10100,11.42,23.6,Medium,Cloudy,Night,4.54,48.1
ORD_10101,8.5,20.4,Low,Cloudy,Evening,4.58,41.3
ORD_10102,5.71,23.4,,Rainy,Afternoon,4.16,40.1
ORD_10103,4.04,15.1,High,Rainy,Evening,4.32,35.7
ORD_10104,6.36,23.4,High,Clear,Evening,4.49,47.0
ORD_10105,8.16,26.0,Medium,Cloudy,Morning,4.8,52.9
ORD_10106,6.72,27.3,Medium,Sunny,Afternoon,4.83,41.1
ORD_10107,14.54,32.1,High,Clear,Afternoon,4.87,89.9
ORD_10108,9.56,21.5,Medium,Clear,Afternoon,4.46,93.3
ORD_10109,3.74,21.6,Medium,Clear,Afternoon,4.36,29.5
ORD_10110,3.18,10.9,High,Clear,Night,4.59,21.2
ORD_10111,8.84,16.8,Medium,Rainy,Evening,4.82,48.3
ORD_10112,5.8,18.8,Low,Clear,Evening,4.84,32.3
ORD_10113,10.03,26.3,Low,Clear,Afternoon,3.97,49.1
ORD_10114,8.79,16.3,Low,Clear,Morning,4.5,33.0
ORD_10115,6.37,24.8,Low,Cloudy,Night,4.03,39.0
ORD_10116,3.77,20.0,High,Clear,Evening,4.7,41.6
ORD_10117,2.2,18.9,Low,Clear,Night,4.36,16.6
ORD_10118,7.58,21.5,Low,Sunny,Morning,4.41,35.5
ORD_10119,2.76,17.7,Low,Clear,Night,4.71,22.9
ORD_10120,3.67,17.4,Medium,Sunny,Afternoon,3.86,22.7
ORD_10121,7.31,9.8,Medium,Cloudy,Morning,4.37,26.9
ORD_10122,6.91,18.5,Medium,Clear,Evening,4.03,35.9
ORD_10123,3.0,17.1,Medium,Clear,Evening,4.27,28.2
ORD_10124,12.14,16.9,Low,Clear,Morning,4.7,40.8
ORD_10125,11.96,22.5,Low,Rainy,Night,4.76,46.8
ORD_10126,9.0,24.0,Medium,Clear,Evening,4.86,49.1
ORD_10127,8.99,21.4,High,Stormy,Afternoon,4.58,66.0
ORD_10128,9.0,26.0,Medium,Rainy,Morning,4.62,59.0
ORD_10129,11.37,23.5,Low,Sunny,Afternoon,4.27,45.8
ORD_10130,9.7,18.2,Medium,Cloudy,Afternoon,3.82,46.5
ORD_10131,3.98,17.2,High,Sunny,Evening,4.43,39.0
ORD_10132,5.75,21.9,High,Sunny,Evening,4.5,47.5
ORD_10133,21.28,23.4,Medium,Sunny,Evening,4.42,77.1
ORD_10134,1.58,28.4,High,Cloudy,Afternoon,4.65,34.9
ORD_10135,4.92,27.1,Medium,Clear,Morning,4.52,99.6
ORD_10136,12.17,16.8,Low,Cloudy,Night,4.24,36.3
ORD_10137,4.15,19.4,Medium,Cloudy,Afternoon,4.58,31.9
ORD_10138,9.84,24.0,Medium,Clear,Afternoon,4.67,52.3
ORD_10139,6.85,26.4,High,Stormy,Evening,4.68,70.9
ORD_10140,4.34,25.6,,Clear,Evening,4.59,44.7
ORD_10141,1.35,19.6,Low,Foggy,Night,4.72,20.2
ORD_10142,7.46,12.5,Low,Cloudy,Night,4.16,27.1
ORD_10143,3.93,14.0,High,Cloudy,Night,4.44,25.3
ORD_10144,6.21,21.6,Medium,Rainy,Afternoon,4.01,45.3
ORD_10145,8.95,22.1,Medium,Rainy,Morning,4.67,47.2
ORD_10146,10.86,13.4,High,Clear,Evening,4.68,56.3
ORD_10147,4.91,20.3,Low,Cloudy,Morning,4.58,29.3
ORD_10148,4.34,23.8,Medium,Clear,Morning,4.1,35.7
ORD_10149,2.73,13.1,,Sunny,Morning,4.59,18.2
ORD_10150,11.16,26.6,High,Foggy,Morning,4.68,68.4
ORD_10151,19.63,17.7,High,Clear,Evening,4.64,96.1
ORD_10152,11.83,27.5,Medium,Clear,Afternoon,4.41,55.4
ORD_10153,13.29,16.8,High,Sunny,Afternoon,4.37,64.6
ORD_10154,4.17,13.8,Jam,Sunny,Evening,4.21,43.8
ORD_10155,8.65,17.3,High,Sunny,Evening,4.14,50.5
ORD_10156,10.36,19.4,Low,Sunny,Night,4.8,34.3
ORD_10157,1.0,17.7,High,Cloudy,Afternoon,4.87,25.5
ORD_10158,3.3,18.7,Medium,Sunny,Afternoon,4.03,27.1
ORD_10159,15.8,22.0,Low,Sunny,Morning,4.45,50.4
ORD_10160,2.37,19.0,Medium,Stormy,Evening,4.69,35.6
ORD_10161,14.45,19.6,High,,Evening,4.75,78.8
ORD_10162,2.36,9.7,High,Cloudy,Morning,3.9,18.3
ORD_10163,3.41,22.4,Low,Clear,Night,4.56,25.4
ORD_10164,8.74,19.5,Low,Sunny,Evening,4.71,42.0
ORD_10165,6.96,29.7,Medium,Rainy,Morning,4.12,59.2
ORD_10166,5.21,14.4,High,Sunny,Evening,4.74,34.7
ORD_10167,15.46,9.2,Jam,Foggy,Evening,4.62,117.0
ORD_10168,2.78,23.7,Medium,Sunny,Morning,4.58,32.2
ORD_10169,6.07,22.1,Low,Rainy,Afternoon,4.26,43.3
ORD_10170,9.37,13.9,High,Clear,Evening,4.83,49.6
ORD_10171,7.88,10.8,Medium,Sunny,Evening,4.79,38.0
ORD_10172,4.43,29.2,Low,Cloudy,Afternoon,4.52,36.3
ORD_10173,4.54,28.5,Medium,Rainy,Night,3.61,45.6
ORD_10174,10.77,8.0,Medium,Cloudy,Afternoon,4.15,93.9
ORD_10175,11.05,17.3,Medium,Clear,Afternoon,4.5,104.3
ORD_10176,8.0,30.0,High,Rainy,Afternoon,4.73,62.1
ORD_10177,3.82,17.1,Low,Sunny,Night,4.2,25.2
ORD_10178,4.63,17.1,,Clear,Evening,4.5,26.9
ORD_10179,6.58,18.3,Medium,Sunny,Evening,4.59,43.0
ORD_10180,7.16,13.3,Low,Cloudy,Night,4.77,28.0
ORD_10181,9.16,9.8,Jam,Sunny,Evening,4.31,74.2
ORD_10182,5.87,26.3,High,Rainy,Morning,4.73,60.7
ORD_10183,10.64,8.9,High,Sunny,Evening,4.6,52.8
ORD_10184,10.57,21.5,Low,Sunny,Evening,4.49,45.4
ORD_10185,13.54,25.3,Low,,Afternoon,4.89,46.9
ORD_10186,6.75,11.3,High,Sunny,Afternoon,4.55,34.8
ORD_10187,8.08,14.5,Jam,Clear,Evening,4.1,74.2
ORD_10188,6.15,27.3,Low,Clear,Afternoon,4.74,39.8
ORD_10189,3.85,23.2,Jam,Clear,Afternoon,4.55,46.0
ORD_10190,19.38,16.3,,Clear,Evening,4.49,98.0
ORD_10191,12.6,27.2,Low,Clear,Night,4.0,49.2
ORD_10192,10.45,27.2,Low,Sunny,Morning,4.64,50.0
ORD_10193,6.62,21.6,High,Clear,Afternoon,4.89,45.4
ORD_10194,3.63,14.6,High,Clear,Evening,4.56,31.5
ORD_10195,11.49,17.5,Jam,Foggy,Evening,4.29,100.5
ORD_10196,6.08,21.7,Low,,Night,4.57,31.6
ORD_10197,8.5,18.9,High,Sunny,Evening,4.98,47.2
ORD_10198,4.62,25.6,Medium,Clear,Evening,4.71,42.0
ORD_10199,7.72,10.8,Low,Sunny,Night,4.52,25.5
ORD_10200,4.8,11.0,Low,Sunny,Morning,4.31,26.0
ORD_10201,4.92,21.1,High,Sunny,Morning,4.26,40.3
ORD_10202,7.66,17.1,High,Sunny,Evening,4.66,44.5
ORD_10203,2.33,16.2,Medium,Cloudy,Afternoon,4.28,27.5
ORD_10204,2.41,9.4,Medium,Foggy,Morning,4.82,19.0
ORD_10205,4.14,20.1,High,Rainy,Afternoon,4.86,30.2
ORD_10206,5.83,19.7,Medium,Clear,Evening,4.77,102.0
ORD_10207,10.82,23.9,High,Cloudy,Night,4.38,67.0
ORD_10208,6.03,20.4,High,Clear,Morning,4.66,46.4
ORD_10209,6.59,19.2,High,Cloudy,Evening,4.6,44.5
ORD_10210,5.56,27.1,High,Sunny,Afternoon,4.87,47.7
ORD_10211,8.07,12.1,High,Sunny,Evening,4.58,45.9
ORD_10212,3.83,23.2,Medium,Sunny,Evening,4.27,37.1
ORD_10213,6.23,10.0,Low,Cloudy,Night,4.03,20.3
ORD_10214,8.44,15.0,Low,,Morning,4.75,32.9
ORD_10215,7.62,12.7,Jam,,Evening,4.52,130.9
ORD_10216,6.72,24.7,High,Cloudy,Morning,4.66,45.4
ORD_10217,6.77,19.6,Low,Rainy,Evening,4.39,41.5
ORD_10218,8.91,19.9,Low,Clear,Night,3.86,38.9
ORD_10219,19.89,13.4,Low,Clear,Night,4.6,53.3
ORD_10220,4.0,18.2,High,Rainy,Afternoon,4.83,43.2
ORD_10221,20.2,15.4,Medium,Sunny,Evening,4.48,70.8
ORD_10222,3.88,22.3,High,Cloudy,Afternoon,4.67,42.6
ORD_10223,1.21,14.1,Low,Sunny,Morning,4.46,19.4
ORD_10224,4.74,28.0,Low,Stormy,Night,4.78,41.4
ORD_10225,8.16,9.9,,Foggy,Morning,4.68,28.5
ORD_10226,17.63,15.2,,Clear,Morning,4.75,52.0
ORD_10227,3.63,30.1,High,Sunny,Afternoon,4.56,41.1
ORD_10228,8.88,17.4,High,Sunny,Afternoon,4.37,53.9
ORD_10229,2.6,12.1,Jam,Clear,Morning,4.54,31.7
ORD_10230,17.29,21.3,High,Sunny,Evening,4.68,93.4
ORD_10231,12.73,17.1,Medium,Cloudy,Afternoon,4.52,48.1
ORD_10232,4.93,15.0,Jam,Rainy,Evening,4.27,51.8
ORD_10233,13.86,13.4,High,Rainy,Afternoon,4.63,70.5
ORD_10234,6.21,36.6,High,Clear,Evening,4.29,58.0
ORD_10235,13.1,18.5,High,Rainy,Evening,4.3,75.6
ORD_10236,6.69,8.4,High,Sunny,Night,4.78,22.5
ORD_10237,6.86,29.0,Medium,Clear,Night,4.87,43.5
ORD_10238,4.99,23.7,High,Sunny,Afternoon,4.21,43.3
ORD_10239,9.55,15.4,Low,Rainy,Night,4.73,39.3
ORD_10240,7.17,14.4,High,Sunny,Afternoon,4.35,43.6
ORD_10241,9.0,24.0,Low,Stormy,Morning,4.51,55.8
ORD_10242,2.16,18.5,Medium,Cloudy,Evening,3.88,26.7
ORD_10243,13.36,8.4,High,Sunny,Morning,4.83,61.6
ORD_10244,15.22,30.7,Medium,Clear,Morning,4.9,70.1
ORD_10245,7.15,17.4,Low,Clear,Night,4.88,27.8
ORD_10246,19.11,29.0,High,Cloudy,Evening,4.77,103.3
ORD_10247,16.71,27.7,Low,Sunny,Morning,4.29,57.6
ORD_10248,9.66,14.0,Low,Sunny,Evening,4.45,38.1
ORD_10249,13.96,26.2,Medium,Sunny,Evening,4.28,63.7
ORD_10250,11.99,16.1,Low,Rainy,Night,4.71,45.8
ORD_10251,1.76,8.8,High,Clear,Evening,4.6,12.0
ORD_10252,5.63,17.5,Jam,Sunny,Evening,4.56,57.4
ORD_10253,10.05,22.4,Medium,Cloudy,Evening,4.58,51.7
ORD_10254,15.77,17.2,Low,Clear,Evening,4.3,45.7
ORD_10255,2.47,18.2,Jam,Foggy,Evening,4.4,39.6
ORD_10256,1.85,26.9,High,Cloudy,Evening,4.25,40.1
ORD_10257,6.44,20.6,Low,Clear,Evening,4.48,36.5
ORD_10258,1.29,14.9,,Rainy,Night,4.4,89.5
ORD_10259,6.31,24.2,High,Foggy,Afternoon,4.3,56.2
ORD_10260,8.28,21.2,Medium,Rainy,Morning,4.73,50.2
ORD_10261,3.52,8.0,High,Sunny,Evening,4.84,26.7
ORD_10262,6.41,22.6,Medium,Stormy,Afternoon,4.83,48.2
ORD_10263,11.38,22.4,Jam,Clear,Evening,4.63,100.7
ORD_10264,4.73,20.1,Medium,Sunny,Morning,4.35,32.5
ORD_10265,3.93,25.4,Low,Clear,Evening,4.6,30.9
ORD_10266,6.24,16.0,Low,Sunny,Night,4.24,31.5
ORD_10267,3.27,22.0,High,Foggy,Evening,4.84,39.2
ORD_10268,18.33,10.6,Low,Rainy,Afternoon,4.48,52.2
ORD_10269,6.81,22.4,Low,Rainy,Night,4.8,38.1
ORD_10270,4.2,31.7,Low,Sunny,Afternoon,4.74,41.5
ORD_10271,7.58,14.0,Medium,Foggy,Afternoon,4.54,36.1
ORD_10272,6.22,15.4,High,Sunny,Evening,4.55,39.8
ORD_10273,5.8,15.7,Low,Clear,Night,4.84,24.0
ORD_10274,4.73,20.8,Medium,Cloudy,Morning,4.3,34.8
ORD_10275,4.58,13.6,High,Sunny,Evening,4.41,31.3
ORD_10276,2.2,22.5,Jam,Clear,Afternoon,4.24,77.5
ORD_10277,13.95,25.1,High,Foggy,Morning,4.82,80.2
ORD_10278,9.31,23.2,High,,Night,4.53,57.1
ORD_10279,8.02,9.4,Jam,Foggy,Evening,4.87,69.9
ORD_10280,6.16,26.0,High,Sunny,Evening,4.89,49.1
ORD_10281,3.48,25.6,Medium,Clear,Afternoon,4.3,30.3
ORD_10282,4.03,25.0,Medium,Clear,Evening,4.24,34.0
ORD_10283,2.38,22.2,High,,Evening,4.8,34.8
ORD_10284,4.36,21.3,Medium,Clear,Afternoon,4.6,32.0
ORD_10285,3.15,26.2,High,Cloudy,Evening,3.63,45.9
ORD_10286,16.2,31.5,Low,Clear,Night,4.48,56.6
ORD_10287,10.95,14.3,Medium,Cloudy,Evening,4.46,46.5
ORD_10288,6.99,26.5,,Clear,Afternoon,4.71,43.7
ORD_10289,3.73,19.5,Jam,Clear,Evening,4.13,52.6
ORD_10290,3.27,19.2,Medium,Cloudy,Evening,4.94,37.0
ORD_10291,5.92,10.8,High,Clear,Morning,4.71,35.8
ORD_10292,11.21,18.3,Medium,Sunny,Evening,4.97,49.5
ORD_10293,2.43,14.0,Medium,Cloudy,Night,4.67,20.8
ORD_10294,9.24,17.2,Low,Cloudy,Night,3.69,33.5
ORD_10295,4.35,13.4,Medium,Clear,Evening,4.47,22.9
ORD_10296,4.87,17.3,Jam,Cloudy,Morning,4.53,46.5
ORD_10297,6.87,17.6,Low,Foggy,Night,3.98,35.0
ORD_10298,3.82,20.6,,Cloudy,Evening,4.01,32.4
ORD_10299,5.74,10.3,Medium,Cloudy,Afternoon,4.63,27.3
ORD_10300,3.61,11.3,High,Rainy,Evening,3.97,31.5
ORD_10301,4.58,22.2,Jam,Rainy,Night,4.77,58.0
ORD_10302,10.25,15.2,High,Sunny,Morning,4.61,51.1
ORD_10303,7.08,26.4,Low,Stormy,Night,4.66,47.2
ORD_10304,10.23,21.4,Low,Clear,Night,4.51,36.1
ORD_10305,4.31,23.6,Medium,Stormy,Morning,4.68,46.1
ORD_10306,9.28,28.5,Medium,Clear,Night,4.18,50.3
ORD_10307,1.99,18.1,Low,Sunny,Night,4.68,17.7
ORD_10308,6.86,16.6,Medium,Rainy,Morning,4.94,37.1
ORD_10309,9.63,25.2,Medium,Clear,Afternoon,4.7,45.5
ORD_10310,1.92,23.1,,Clear,Afternoon,3.9,16.9
ORD_10311,4.34,18.9,Medium,Cloudy,Afternoon,4.28,29.6
ORD_10312,6.86,28.3,Medium,Cloudy,Evening,4.82,48.4
ORD_10313,11.68,18.7,High,Clear,Afternoon,4.7,59.8
ORD_10314,4.58,20.2,Low,Sunny,Night,4.81,26.8
ORD_10315,9.07,20.1,Low,Sunny,Night,4.27,38.5
ORD_10316,14.45,14.4,Low,Clear,Afternoon,4.16,116.5
ORD_10317,9.31,20.5,Medium,Sunny,Evening,4.53,48.6
ORD_10318,5.87,28.4,Medium,Clear,Evening,4.37,43.5
ORD_10319,8.3,22.7,High,Clear,Evening,4.41,53.2
ORD_10320,4.49,20.2,Medium,Cloudy,Afternoon,4.91,29.4
ORD_10321,7.03,19.0,Medium,Rainy,Morning,4.55,45.3
ORD_10322,6.05,22.0,Medium,Sunny,Morning,4.53,38.0
ORD_10323,8.14,24.5,High,Clear,Morning,4.91,51.9
ORD_10324,5.12,23.7,Low,Cloudy,Night,4.65,35.7
ORD_10325,8.41,18.0,High,Rainy,Afternoon,4.48,52.3
ORD_10326,5.09,21.9,Jam,Sunny,Morning,4.05,55.2
ORD_10327,10.89,22.9,Medium,Sunny,Evening,4.49,52.8
ORD_10328,5.42,14.0,Medium,Stormy,Morning,4.81,43.4
ORD_10329,1.33,21.0,Low,Cloudy,Morning,4.41,28.6
ORD_10330,3.34,8.0,Low,Rainy,Evening,4.15,24.9
ORD_10331,6.74,22.9,Medium,Cloudy,Evening,4.33,39.9
ORD_10332,16.12,24.0,High,Clear,Morning,4.73,87.2
ORD_10333,10.66,24.5,High,Clear,Evening,4.61,63.1
ORD_10334,1.1,17.6,Medium,Cloudy,Afternoon,4.61,19.2
ORD_10335,2.27,21.9,High,Sunny,Evening,4.6,29.3
ORD_10336,12.51,28.5,High,Sunny,Evening,4.75,76.6
ORD_10337,9.6,28.5,,Clear,Afternoon,4.33,48.8
ORD_10338,20.9,19.8,High,Rainy,Afternoon,4.83,104.9
ORD_10339,4.96,20.8,High,Rainy,Evening,4.69,49.3
ORD_10340,3.76,26.7,Low,Sunny,Night,4.53,34.0
ORD_10341,6.96,11.0,,Cloudy,Night,4.4,24.6
ORD_10342,4.9,18.1,Jam,Clear,Evening,4.08,54.3
ORD_10343,11.86,28.0,High,Sunny,Evening,4.85,70.8
ORD_10344,4.79,25.9,Medium,Sunny,Evening,4.22,38.4
ORD_10345,5.62,22.2,Low,Cloudy,Night,4.48,32.0
ORD_10346,3.42,11.0,Medium,Sunny,Evening,4.54,21.4
ORD_10347,10.26,19.7,Jam,Sunny,Afternoon,4.39,86.3
ORD_10348,3.57,16.5,Medium,Clear,Morning,4.63,26.8
ORD_10349,8.5,22.0,Low,Clear,Afternoon,4.85,43.2
ORD_10350,17.64,15.1,Medium,Foggy,Afternoon,4.96,63.5
ORD_10351,1.72,13.8,Low,Clear,Night,4.96,12.1
ORD_10352,14.83,8.0,Medium,Clear,Afternoon,4.41,46.6
ORD_10353,7.88,27.3,Low,Sunny,Morning,4.46,40.3
ORD_10354,3.05,17.6,Low,Clear,Night,5.0,21.4
ORD_10355,7.12,20.9,Low,Sunny,Morning,4.04,36.6
ORD_10356,10.09,20.0,Medium,Sunny,Afternoon,4.51,44.9
ORD_10357,3.93,13.6,Medium,Clear,Afternoon,4.25,21.1
ORD_10358,8.78,12.4,Jam,Clear,Evening,3.86,74.4
ORD_10359,15.52,14.0,Medium,Clear,Afternoon,4.69,49.9
ORD_10360,4.79,15.7,Low,,Evening,4.42,25.3
ORD_10361,3.39,22.2,High,Rainy,Morning,4.91,36.1
ORD_10362,6.17,15.2,Jam,Clear,Evening,4.42,58.1
ORD_10363,6.9,30.5,,Cloudy,Afternoon,4.27,55.2
ORD_10364,12.21,26.2,Medium,Rainy,Evening,4.76,57.7
ORD_10365,6.04,24.9,High,Clear,Afternoon,4.73,39.4
ORD_10366,5.07,19.3,Low,Cloudy,Afternoon,4.13,30.2
ORD_10367,3.33,29.1,,Cloudy,Evening,4.67,56.7
ORD_10368,1.94,18.7,High,Cloudy,Morning,4.82,68.4
ORD_10369,2.67,19.8,,Rainy,Morning,4.68,33.8
ORD_10370,2.65,21.0,Medium,Sunny,Evening,4.23,29.7
ORD_10371,5.66,24.2,Low,Clear,Afternoon,4.75,31.5
ORD_10372,2.22,23.8,Jam,Sunny,Evening,4.68,41.4
ORD_10373,6.45,17.1,High,Clear,Morning,4.45,38.4
ORD_10374,17.42,16.8,Medium,Clear,Evening,4.42,65.6
ORD_10375,12.4,23.8,Low,Rainy,Night,4.84,45.6
ORD_10376,5.63,24.3,High,Sunny,Afternoon,4.54,44.1
ORD_10377,23.66,17.6,Jam,Sunny,Evening,3.94,180.0
ORD_10378,6.91,10.5,High,Clear,Afternoon,4.22,35.5
ORD_10379,7.51,18.8,Low,Clear,Night,4.69,29.0
ORD_10380,6.09,23.7,Medium,Clear,Morning,4.58,40.7
ORD_10381,6.53,30.8,,Rainy,Evening,3.75,56.4
ORD_10382,4.69,12.8,Jam,Stormy,Evening,4.51,55.5
ORD_10383,5.68,17.4,Medium,Sunny,Afternoon,4.31,28.9
ORD_10384,14.88,17.7,High,Clear,Afternoon,4.02,73.7
ORD_10385,13.16,28.1,Low,Cloudy,Afternoon,4.57,51.5
ORD_10386,1.28,19.8,Medium,Rainy,Evening,4.84,30.3
ORD_10387,2.41,14.6,Medium,Foggy,Morning,4.59,27.8
ORD_10388,3.97,23.4,Jam,Cloudy,Evening,4.23,52.1
ORD_10389,11.26,17.6,Medium,Sunny,Afternoon,4.51,44.4
ORD_10390,13.32,12.7,Medium,Cloudy,Afternoon,4.1,46.7
ORD_10391,10.07,14.6,High,Clear,Evening,4.63,57.3
ORD_10392,3.04,30.4,Medium,Cloudy,Night,4.92,36.8
ORD_10393,4.75,22.3,High,Cloudy,Evening,4.4,46.2
ORD_10394,8.87,20.6,Low,Cloudy,Evening,4.65,38.3
ORD_10395,5.73,18.5,High,Sunny,Evening,4.65,46.9
ORD_10396,5.25,21.8,Jam,Cloudy,Evening,4.86,62.1
ORD_10397,5.3,21.7,High,Cloudy,Afternoon,4.6,46.8
ORD_10398,12.61,21.8,Low,Clear,Night,4.81,86.9
ORD_10399,9.39,20.7,Jam,Rainy,Evening,4.03,91.4
ORD_10400,5.48,25.2,Medium,,Evening,4.69,41.3
ORD_10401,8.09,20.1,High,Cloudy,Evening,4.71,54.1
ORD_10402,2.75,14.1,High,Clear,Afternoon,4.36,24.3
ORD_10403,4.75,16.3,Low,Foggy,Afternoon,4.4,28.2
ORD_10404,11.93,8.1,Jam,Sunny,Morning,4.8,87.0
ORD_10405,2.12,32.2,High,Cloudy,Evening,4.81,43.8
ORD_10406,9.46,25.2,Medium,Foggy,Afternoon,4.37,50.7
ORD_10407,1.27,15.0,Medium,Foggy,Afternoon,4.05,22.0
ORD_10408,16.27,18.3,Low,Cloudy,Night,4.64,52.0
ORD_10409,4.68,16.2,High,Clear,Evening,4.2,40.0
ORD_10410,8.43,29.3,Medium,Foggy,Morning,4.66,52.7
ORD_10411,7.14,11.5,Medium,Stormy,Evening,4.82,50.4
ORD_10412,7.3,20.7,High,Clear,Afternoon,4.62,44.4
ORD_10413,8.0,19.3,Low,Sunny,Evening,4.47,37.6
ORD_10414,1.84,25.0,Jam,Sunny,Evening,4.69,42.9
ORD_10415,7.39,19.4,Medium,Clear,Afternoon,4.04,35.4
ORD_10416,5.94,9.5,Medium,Clear,Morning,4.74,20.5
ORD_10417,4.7,18.5,Medium,Sunny,Afternoon,4.76,30.2
ORD_10418,3.97,14.2,,Foggy,Morning,4.56,28.8
ORD_10419,7.5,20.5,High,Clear,Afternoon,4.42,46.7
ORD_10420,3.42,28.6,,,Night,4.9,49.5
ORD_10421,11.81,9.6,Medium,Rainy,Afternoon,4.33,49.4
ORD_10422,8.79,15.2,Low,Rainy,Night,4.09,38.3
ORD_10423,7.77,16.7,High,Sunny,Evening,4.7,103.8
ORD_10424,11.54,17.7,Jam,Sunny,Evening,4.7,99.7
ORD_10425,1.62,24.4,High,Sunny,Morning,4.58,25.1
ORD_10426,2.69,19.0,Medium,Foggy,Afternoon,4.41,30.4
ORD_10427,9.01,22.5,High,Sunny,Evening,4.47,53.8
ORD_10428,4.12,16.2,Low,Clear,Night,4.7,23.8
ORD_10429,4.47,21.4,High,Clear,Morning,4.87,41.5
ORD_10430,2.42,24.7,Jam,Sunny,Evening,4.3,43.0
ORD_10431,3.42,15.6,Jam,Foggy,Morning,4.44,43.3
ORD_10432,11.96,24.7,High,Sunny,Evening,4.07,74.1
ORD_10433,8.89,20.3,High,Cloudy,Evening,4.91,57.7
ORD_10434,7.45,26.3,High,Clear,Evening,4.49,55.6
ORD_10435,4.58,18.8,Medium,Rainy,Morning,4.34,39.7
ORD_10436,7.18,22.3,Medium,Sunny,Morning,4.4,39.7
ORD_10437,12.55,19.8,High,Foggy,Evening,4.18,75.4
ORD_10438,4.19,19.4,Low,Sunny,Night,4.84,20.8
ORD_10439,6.52,21.6,Low,Cloudy,Afternoon,4.5,37.8
ORD_10440,16.82,23.2,High,Sunny,Afternoon,4.3,83.1
ORD_10441,9.99,12.5,Jam,Clear,Afternoon,4.78,78.5
ORD_10442,4.62,28.6,,,Morning,4.33,37.1
ORD_10443,9.54,8.8,High,Clear,Evening,4.72,44.8
ORD_10444,2.09,15.9,High,Sunny,Afternoon,4.2,21.8
ORD_10445,6.37,19.4,High,Cloudy,Evening,4.51,48.3
ORD_10446,9.54,22.5,Medium,Clear,Evening,4.48,52.8
ORD_10447,8.34,29.5,Jam,Sunny,Evening,4.49,84.8
ORD_10448,9.48,8.9,High,Sunny,Morning,4.44,41.8
ORD_10449,10.68,17.0,Low,Sunny,Night,4.78,37.6
ORD_10450,8.72,8.0,Medium,Clear,Afternoon,4.53,26.6
ORD_10451,8.58,20.2,Jam,Sunny,Evening,4.41,86.5
ORD_10452,7.55,21.6,High,Sunny,Evening,4.34,49.1
ORD_10453,3.16,29.5,Low,Clear,Evening,4.88,38.8
ORD_10454,11.96,20.7,Low,Sunny,Afternoon,4.73,37.1
ORD_10455,6.51,26.3,Jam,Clear,Night,4.21,65.2
ORD_10456,9.85,23.5,Low,Foggy,Afternoon,4.62,42.8
ORD_10457,11.28,17.4,Low,Foggy,Night,4.32,40.1
ORD_10458,4.77,11.5,Medium,Cloudy,Morning,4.89,26.6
ORD_10459,5.05,21.7,Medium,Clear,Afternoon,4.54,33.1
ORD_10460,5.48,11.0,Low,,Morning,4.72,25.8
ORD_10461,13.22,27.8,Medium,Cloudy,Morning,4.47,64.8
ORD_10462,3.64,19.0,Medium,Sunny,Afternoon,3.95,25.2
ORD_10463,14.49,27.2,High,Clear,Morning,4.52,81.2
ORD_10464,7.5,17.1,Low,Clear,Night,4.72,32.4
ORD_10465,7.82,21.6,Medium,Clear,Evening,4.71,40.2
ORD_10466,11.0,21.3,Medium,Cloudy,Morning,4.81,51.4
ORD_10467,7.01,19.7,Low,Rainy,Afternoon,4.18,37.3
ORD_10468,12.03,17.4,Low,Sunny,Evening,4.47,39.2
ORD_10469,4.77,22.4,High,Clear,Afternoon,4.98,37.4
ORD_10470,14.23,14.4,Medium,Clear,Evening,4.38,48.9
ORD_10471,5.01,12.7,High,Sunny,Evening,4.63,37.0
ORD_10472,14.53,27.5,Jam,,Evening,4.86,117.2
ORD_10473,5.09,24.4,High,Clear,Evening,4.76,46.5
ORD_10474,5.58,20.4,Medium,Clear,Evening,4.42,38.1
ORD_10475,3.35,30.0,High,Cloudy,Afternoon,4.27,42.2
ORD_10476,4.0,18.4,High,Cloudy,Afternoon,4.61,27.7
ORD_10477,6.53,27.9,High,Foggy,Morning,4.5,58.8
ORD_10478,7.67,21.1,High,Cloudy,Evening,4.32,52.4
ORD_10479,11.55,13.9,Jam,Clear,Evening,4.04,91.9
ORD_10480,5.83,31.1,Jam,Cloudy,Evening,4.61,76.8
ORD_10481,3.05,25.9,Medium,Clear,Afternoon,4.71,36.5
ORD_10482,8.35,19.3,High,Sunny,Afternoon,4.19,48.7
ORD_10483,7.37,24.4,Low,Clear,Morning,4.75,35.4
ORD_10484,8.89,17.6,High,Clear,Evening,4.72,44.2
ORD_10485,4.39,25.0,Medium,Sunny,Evening,4.79,32.6
ORD_10486,4.73,8.0,Medium,Clear,Evening,4.31,19.9
ORD_10487,4.39,13.9,Low,Clear,Night,4.39,23.6
ORD_10488,12.79,25.9,Low,Clear,Night,4.69,113.1
ORD_10489,14.31,18.5,High,Cloudy,Evening,4.92,78.0
ORD_10490,4.6,21.2,High,Clear,Afternoon,4.43,39.7
ORD_10491,4.66,11.9,Medium,Sunny,Afternoon,4.68,22.2
ORD_10492,9.6,31.1,High,Cloudy,Afternoon,4.88,67.1
ORD_10493,15.19,27.1,,Clear,Night,4.82,54.6
ORD_10494,17.01,18.8,High,Rainy,Afternoon,3.93,89.1
ORD_10495,4.46,17.6,Low,Rainy,Morning,4.21,34.5
ORD_10496,5.21,26.2,Medium,Stormy,Night,4.21,52.9
ORD_10497,7.9,31.9,High,Sunny,Afternoon,3.68,62.9
ORD_10498,8.13,25.7,Jam,Sunny,Evening,4.56,80.1
ORD_10499,5.97,33.0,Medium,Cloudy,Evening,4.27,55.9
ORD_10500,3.91,14.5,High,Clear,Evening,4.74,34.7
ORD_10501,6.53,15.1,Medium,Clear,Evening,4.58,29.5
ORD_10502,17.0,12.9,,Clear,Evening,3.97,52.4
ORD_10503,4.77,22.7,High,Cloudy,Evening,4.93,41.9
ORD_10504,7.62,21.1,High,,Afternoon,4.63,46.0
ORD_10505,23.22,19.1,High,Cloudy,Evening,3.87,106.0
ORD_10506,4.73,24.9,Medium,Clear,Evening,4.75,37.1
ORD_10507,9.86,27.4,High,Cloudy,Afternoon,4.92,68.3
ORD_10508,17.4,10.8,Low,Sunny,Afternoon,4.54,43.7
ORD_10509,9.38,16.4,Medium,Clear,Afternoon,4.15,42.0
ORD_10510,12.29,24.9,High,Clear,Evening,4.87,76.2
ORD_10511,10.61,17.2,Medium,Clear,Morning,4.17,46.7
ORD_10512,8.96,15.2,High,Clear,Evening,4.56,50.2
ORD_10513,14.05,26.1,Low,Sunny,Morning,4.3,56.3
ORD_10514,9.68,12.3,Medium,Foggy,Morning,4.29,39.5
ORD_10515,6.01,18.2,High,Cloudy,Morning,4.67,37.3
ORD_10516,7.28,22.0,Jam,Rainy,Evening,4.87,83.0
ORD_10517,8.29,16.6,Medium,Stormy,Afternoon,4.88,111.9
ORD_10518,5.19,24.7,High,Sunny,Afternoon,4.57,41.8
ORD_10519,7.48,16.6,Low,Clear,Night,4.52,27.0
ORD_10520,6.86,28.5,High,Foggy,Evening,4.71,62.5
ORD_10521,9.66,19.2,Medium,Cloudy,Night,4.44,39.7
ORD_10522,19.97,24.0,High,Foggy,Evening,4.52,105.1
ORD_10523,7.74,24.5,Medium,Cloudy,Night,4.19,44.7
ORD_10524,15.4,16.2,High,Cloudy,Evening,4.68,75.0
ORD_10525,9.47,8.0,Medium,Rainy,Night,4.77,39.4
ORD_10526,7.46,22.2,Low,Cloudy,Morning,4.66,38.1
ORD_10527,5.01,20.4,High,Sunny,Morning,4.25,39.3
ORD_10528,7.49,23.3,Jam,Sunny,Morning,4.14,76.9
ORD_10529,7.22,18.6,Low,Rainy,Night,4.75,37.1
ORD_10530,4.2,17.4,Medium,Cloudy,Evening,4.3,82.3
ORD_10531,4.64,32.1,Jam,Sunny,Afternoon,4.71,65.4
ORD_10532,8.33,11.2,Medium,Sunny,Evening,4.7,33.5
ORD_10533,15.32,24.4,High,Cloudy,Evening,4.39,75.6
ORD_10534,6.4,16.6,Low,Clear,Night,4.73,27.0
ORD_10535,2.33,18.0,Medium,,Evening,4.89,19.3
ORD_10536,1.12,18.1,,Clear,Evening,4.71,28.7
ORD_10537,3.31,15.2,Medium,Rainy,Afternoon,4.78,30.0
ORD_10538,10.0,23.4,,Clear,Evening,4.6,63.8
ORD_10539,2.69,28.3,,Sunny,Night,4.68,34.9
ORD_10540,10.9,22.8,High,Rainy,Evening,4.9,66.5
ORD_10541,9.69,20.6,High,Clear,Evening,4.4,60.3
ORD_10542,6.27,14.1,High,Clear,Morning,4.66,34.2
ORD_10543,4.22,23.1,High,Foggy,Morning,4.59,42.5
ORD_10544,5.73,32.9,Low,Cloudy,Morning,4.36,46.7
ORD_10545,8.21,17.7,Medium,Clear,Evening,4.12,39.3
ORD_10546,2.75,17.7,High,Rainy,Evening,4.23,31.8
ORD_10547,14.47,16.6,Low,Rainy,Night,4.44,50.3
ORD_10548,8.17,17.1,Jam,Rainy,Evening,4.82,82.1
ORD_10549,8.71,8.0,Medium,Clear,Afternoon,4.27,25.9
ORD_10550,9.65,22.4,Medium,Sunny,Morning,4.33,44.5
ORD_10551,13.7,14.9,Medium,Cloudy,Evening,4.36,52.3
ORD_10552,7.5,10.3,,Sunny,Evening,4.66,45.9
ORD_10553,10.0,24.5,Low,Clear,Evening,4.89,49.7
ORD_10554,4.27,13.5,High,Clear,Evening,3.86,36.1
ORD_10555,17.05,18.0,Jam,Sunny,Morning,4.82,137.3
ORD_10556,7.2,28.8,Medium,Sunny,Morning,4.59,49.9
ORD_10557,4.25,11.5,Medium,Clear,Afternoon,4.71,21.5
ORD_10558,5.01,10.8,Medium,Cloudy,Afternoon,4.74,20.0
ORD_10559,1.55,21.6,High,Sunny,Evening,4.72,23.8
ORD_10560,4.99,26.9,Medium,Clear,Evening,3.87,41.2
ORD_10561,1.0,10.6,Medium,Cloudy,Night,4.39,13.4
ORD_10562,10.42,22.4,Low,Sunny,Night,4.49,46.9
ORD_10563,8.56,23.5,Low,Cloudy,Evening,3.87,43.6
ORD_10564,3.45,8.0,High,Clear,Evening,3.78,24.8
ORD_10565,6.47,24.8,Medium,Clear,Evening,4.7,43.6
ORD_10566,6.65,25.3,Medium,Sunny,Morning,4.19,43.2
ORD_10567,2.97,18.1,Low,Stormy,Night,4.48,41.0
ORD_10568,5.8,27.5,Jam,Clear,Evening,4.51,72.1
ORD_10569,6.78,26.8,Low,Cloudy,Night,4.6,38.8
ORD_10570,5.71,20.6,Low,Clear,Night,4.94,26.6
ORD_10571,4.25,17.3,Medium,Clear,Evening,4.37,28.5
ORD_10572,3.36,14.2,Low,Clear,Morning,4.72,20.2
ORD_10573,5.58,19.8,High,Rainy,Evening,4.83,46.9
ORD_10574,4.6,23.4,Medium,Clear,Evening,4.35,39.9
ORD_10575,9.29,18.1,High,Clear,Evening,4.85,52.2
ORD_10576,14.17,8.0,Medium,Cloudy,Morning,4.58,49.4
ORD_10577,11.2,27.6,Medium,Clear,Evening,4.27,60.1
ORD_10578,6.91,21.1,Medium,,Night,4.82,31.8
ORD_10579,4.36,17.7,High,Clear,Night,4.16,37.1
ORD_10580,11.03,25.1,Medium,Foggy,Morning,4.06,54.6
ORD_10581,9.61,29.1,High,Clear,Night,4.17,68.6
ORD_10582,13.62,8.0,High,Stormy,Morning,4.65,75.0
ORD_10583,7.51,22.6,Medium,Clear,Evening,4.65,49.8
ORD_10584,16.56,11.4,Medium,Clear,Afternoon,4.4,44.4
ORD_10585,7.51,23.0,Low,Rainy,Night,4.72,42.1
ORD_10586,4.35,20.8,High,Sunny,Evening,4.1,39.8
ORD_10587,4.88,23.8,Medium,Sunny,Afternoon,4.64,32.9
ORD_10588,9.04,17.0,Medium,Sunny,Afternoon,4.32,41.9
ORD_10589,4.59,8.8,Medium,Clear,Afternoon,4.41,18.5
ORD_10590,16.5,17.3,High,Cloudy,Evening,4.33,87.3
ORD_10591,8.61,22.4,Low,Cloudy,Night,4.51,35.2
ORD_10592,6.82,26.1,High,Clear,Evening,4.64,47.6
ORD_10593,7.17,13.0,Jam,Foggy,Evening,3.47,67.6
ORD_10594,5.67,26.2,High,Sunny,Evening,4.62,50.9
ORD_10595,1.91,16.1,Low,Clear,Night,4.8,20.1
ORD_10596,4.88,22.2,Low,Clear,Evening,4.73,30.0
ORD_10597,15.38,16.9,Medium,Rainy,Afternoon,4.51,62.9
ORD_10598,7.63,21.1,,Sunny,Evening,4.44,75.1
ORD_10599,11.92,25.4,High,Sunny,Afternoon,4.88,69.0
ORD_10600,12.11,12.6,Low,Foggy,Night,4.52,43.5
ORD_10601,6.51,15.9,Low,Cloudy,Afternoon,4.59,85.7
ORD_10602,9.7,21.1,High,Cloudy,Afternoon,4.18,55.8
ORD_10603,2.08,34.4,High,Clear,Afternoon,4.77,40.9
ORD_10604,14.69,14.8,Jam,Cloudy,Evening,4.57,115.6
ORD_10605,14.04,32.2,Medium,Sunny,Morning,4.04,70.9
ORD_10606,8.89,32.0,Low,Foggy,Night,4.81,51.1
ORD_10607,7.79,19.4,High,Clear,Afternoon,4.83,47.7
ORD_10608,6.56,18.2,Jam,Clear,Afternoon,4.56,60.0
ORD_10609,12.69,15.8,Medium,Clear,Morning,4.16,41.3
ORD_10610,10.34,19.6,Medium,Sunny,Afternoon,4.8,44.4
ORD_10611,1.0,11.6,High,Clear,Afternoon,4.75,17.4
ORD_10612,5.29,19.5,High,Rainy,Afternoon,3.87,48.3
ORD_10613,3.06,29.0,Medium,Foggy,Afternoon,4.58,35.9
ORD_10614,2.65,16.3,,Cloudy,Morning,4.2,24.0
ORD_10615,12.62,18.6,High,Clear,Afternoon,4.85,63.5
ORD_10616,6.48,9.8,High,Clear,Evening,4.33,38.1
ORD_10617,8.81,22.2,Low,,Afternoon,4.36,43.4
ORD_10618,6.99,21.6,High,Clear,Afternoon,3.84,39.1
ORD_10619,2.68,20.4,Medium,Sunny,Afternoon,4.51,23.0
ORD_10620,2.12,18.7,Jam,Sunny,Evening,4.72,33.3
ORD_10621,5.07,18.2,Jam,Stormy,Afternoon,4.71,62.6
ORD_10622,5.34,23.0,High,Clear,Evening,4.1,45.2
ORD_10623,5.34,19.8,High,Clear,Night,4.03,37.3
ORD_10624,5.44,21.9,Medium,Cloudy,Morning,4.5,36.3
ORD_10625,19.25,21.3,Medium,Clear,Morning,4.76,71.3
ORD_10626,11.82,26.7,Low,Cloudy,Morning,4.63,53.6
ORD_10627,7.69,24.1,Low,Clear,Afternoon,4.36,37.3
ORD_10628,6.38,21.2,High,Sunny,Morning,4.7,46.5
ORD_10629,6.52,29.1,Jam,Sunny,Evening,4.44,124.2
ORD_10630,10.13,22.5,Low,Sunny,Night,4.67,43.3
ORD_10631,6.34,27.8,Medium,Rainy,Morning,3.83,54.0
ORD_10632,11.15,23.6,Medium,Stormy,Afternoon,4.86,70.0
ORD_10633,8.18,8.9,Jam,Cloudy,Evening,4.43,69.2
ORD_10634,19.34,27.8,Low,Cloudy,Morning,4.75,60.2
ORD_10635,6.11,20.8,Low,Sunny,Morning,4.7,35.9
ORD_10636,12.29,19.7,High,Clear,Evening,4.33,70.9
ORD_10637,3.26,21.7,High,Cloudy,Morning,4.57,73.5
ORD_10638,4.43,17.9,Low,Clear,Evening,4.94,23.4
ORD_10639,17.93,21.4,High,Clear,Morning,4.51,91.9
ORD_10640,10.89,16.4,High,Cloudy,Evening,4.5,63.7
ORD_10641,8.9,27.6,Medium,Cloudy,Evening,4.84,48.5
ORD_10642,22.08,19.3,High,Clear,Afternoon,4.63,103.0
ORD_10643,6.43,17.7,High,Cloudy,Morning,4.52,44.2
ORD_10644,12.28,14.5,Low,Foggy,Morning,4.37,42.8
ORD_10645,12.78,21.6,Low,Sunny,Night,4.68,43.0
ORD_10646,15.81,21.1,High,Cloudy,Evening,4.38,78.4
ORD_10647,3.0,22.3,Low,Clear,Morning,4.88,27.0
ORD_10648,6.41,13.8,High,Stormy,Evening,4.45,56.3
ORD_10649,8.1,10.4,Medium,Clear,Evening,4.3,30.6
ORD_10650,15.66,23.8,Low,Rainy,Night,4.74,57.5
ORD_10651,8.69,28.9,Medium,Foggy,Afternoon,4.78,52.5
ORD_10652,12.8,13.8,Low,Cloudy,Night,4.74,35.5
ORD_10653,2.81,29.5,Low,Rainy,Afternoon,3.86,36.5
ORD_10654,5.52,21.7,Low,Sunny,Night,3.97,33.1
ORD_10655,14.01,20.0,Low,Foggy,Morning,4.87,50.6
ORD_10656,5.98,17.6,High,Cloudy,Morning,4.7,38.7
ORD_10657,6.73,11.7,High,Clear,Evening,4.37,42.8
ORD_10658,15.52,25.9,Low,,Evening,4.84,58.9
ORD_10659,3.77,15.3,Jam,Sunny,Afternoon,4.19,39.9
ORD_10660,4.38,15.3,High,Rainy,Evening,4.39,44.7
ORD_10661,2.59,26.0,High,Rainy,Afternoon,4.79,45.9
ORD_10662,15.87,8.7,Medium,Rainy,Morning,4.49,52.6
ORD_10663,11.7,10.9,Low,Clear,Morning,4.65,78.2
ORD_10664,11.53,19.9,Jam,Sunny,Morning,4.75,89.6
ORD_10665,5.43,21.8,Low,Cloudy,Evening,4.1,34.2
ORD_10666,2.45,22.9,High,Cloudy,Afternoon,4.81,30.8
ORD_10667,1.95,18.2,,Clear,Morning,4.45,18.3
ORD_10668,14.07,35.2,High,Cloudy,Night,4.29,85.4
ORD_10669,9.24,18.6,Medium,Sunny,Morning,4.54,43.8
ORD_10670,10.27,18.6,High,Sunny,Evening,4.5,59.9
ORD_10671,7.88,15.2,Medium,Cloudy,Night,4.5,32.1
ORD_10672,4.04,20.7,Low,Cloudy,Morning,4.64,33.2
ORD_10673,5.59,23.7,Low,Clear,Afternoon,4.46,29.2
ORD_10674,3.39,27.2,Medium,Rainy,Evening,4.33,46.5
ORD_10675,3.1,11.1,Medium,Clear,Evening,4.3,20.6
ORD_10676,11.16,18.5,Low,Cloudy,Evening,4.81,42.6
ORD_10677,2.09,22.7,High,Clear,Evening,4.37,33.7
ORD_10678,3.41,23.5,Medium,Cloudy,Night,3.71,36.7
ORD_10679,5.79,20.0,Jam,Rainy,Morning,4.43,67.9
ORD_10680,7.11,23.3,High,Clear,Evening,4.13,56.0
ORD_10681,2.57,15.1,Medium,Stormy,Afternoon,4.86,30.8
ORD_10682,2.05,29.3,High,Clear,Afternoon,4.75,34.6
ORD_10683,8.63,26.0,High,Clear,Morning,4.46,55.6
ORD_10684,7.62,11.9,High,Rainy,Afternoon,4.18,43.2
ORD_10685,13.93,13.5,Medium,Cloudy,Evening,4.88,53.8
ORD_10686,7.18,13.7,High,Clear,Morning,4.29,35.2
ORD_10687,9.14,24.1,Medium,Foggy,Afternoon,4.81,48.6
ORD_10688,4.19,12.3,Low,Cloudy,Afternoon,4.79,18.4
ORD_10689,4.31,18.0,High,Clear,Morning,4.18,34.2
ORD_10690,2.77,22.7,High,Rainy,Evening,4.62,38.4
ORD_10691,4.22,19.6,Medium,Sunny,Evening,4.57,29.8
ORD_10692,5.53,21.6,High,Clear,Evening,4.6,49.7
ORD_10693,13.17,13.6,High,Rainy,Evening,4.59,71.0
ORD_10694,3.8,23.6,Jam,Cloudy,Evening,4.72,49.3
ORD_10695,19.82,16.3,Medium,Cloudy,Afternoon,4.75,66.6
ORD_10696,9.6,18.1,Low,Rainy,Evening,4.23,45.9
ORD_10697,8.5,21.4,Medium,Rainy,Afternoon,4.38,54.7
ORD_10698,6.85,20.6,High,Clear,Night,4.88,42.7
ORD_10699,6.08,20.1,Low,Rainy,Night,4.84,37.3
ORD_10700,4.64,15.5,Low,Sunny,Night,4.85,17.9
ORD_10701,2.49,18.2,Medium,Sunny,Afternoon,3.81,22.6
ORD_10702,3.89,20.0,Low,Stormy,Afternoon,4.69,38.1
ORD_10703,15.85,11.7,High,Cloudy,Night,4.85,120.5
ORD_10704,9.27,17.2,Medium,Clear,Evening,4.48,42.6
ORD_10705,15.77,22.3,High,Cloudy,Evening,4.85,85.0
ORD_10706,4.56,12.3,Medium,Sunny,Afternoon,4.56,58.1
ORD_10707,3.32,26.9,Medium,Clear,Evening,4.14,33.1
ORD_10708,6.81,27.6,Jam,,Evening,4.45,79.2
ORD_10709,3.99,12.5,High,Rainy,Afternoon,4.14,33.0
ORD_10710,7.67,28.1,Medium,Cloudy,Night,4.24,43.8
ORD_10711,2.12,19.1,,Sunny,Afternoon,4.19,20.5
ORD_10712,1.39,22.5,,Clear,Evening,4.8,30.2
ORD_10713,8.31,17.0,High,Rainy,Evening,3.85,63.0
ORD_10714,16.09,25.5,Medium,Sunny,Evening,4.62,70.9
ORD_10715,8.53,22.4,High,Clear,Morning,4.86,54.5
ORD_10716,9.22,15.1,High,Stormy,Evening,4.65,63.6
ORD_10717,6.98,13.0,Medium,Rainy,Evening,4.82,45.3
ORD_10718,7.38,11.2,Jam,Cloudy,Evening,4.84,66.4
ORD_10719,2.4,21.1,High,Clear,Evening,4.82,29.0
ORD_10720,4.09,23.4,Medium,Clear,Afternoon,4.94,36.3
ORD_10721,13.09,23.9,Low,Sunny,Night,4.04,47.9
ORD_10722,3.13,19.3,Jam,,Afternoon,4.35,44.9
ORD_10723,5.46,13.1,Jam,Cloudy,Evening,4.76,57.3
ORD_10724,12.95,15.9,Medium,Rainy,Morning,4.39,53.5
ORD_10725,7.26,26.9,Medium,Sunny,Afternoon,4.5,43.6
ORD_10726,7.48,17.1,,Cloudy,Evening,4.8,48.8
ORD_10727,5.48,20.9,Low,Rainy,Morning,4.87,37.7
ORD_10728,10.0,13.5,Low,Cloudy,Night,4.45,28.8
ORD_10729,11.38,22.0,Low,Foggy,Morning,4.81,48.1
ORD_10730,3.95,17.3,High,Rainy,Night,4.79,35.7
ORD_10731,2.57,26.3,Medium,Clear,Evening,4.54,33.8
ORD_10732,1.63,24.6,High,Foggy,Evening,4.88,32.2
ORD_10733,8.96,17.0,Medium,Clear,Morning,4.29,39.1
ORD_10734,8.38,19.2,Medium,Stormy,Afternoon,4.29,60.0
ORD_10735,22.9,16.7,Medium,Cloudy,Morning,4.37,77.1
ORD_10736,7.01,11.5,High,Cloudy,Evening,4.59,40.2
ORD_10737,6.27,14.9,High,Clear,Evening,4.63,41.8
ORD_10738,7.82,21.2,Medium,Clear,Evening,4.52,46.9
ORD_10739,8.07,22.0,Low,Clear,Night,4.63,32.7
ORD_10740,5.98,20.9,Jam,Rainy,Evening,4.92,74.0
ORD_10741,4.03,18.2,High,Sunny,Afternoon,4.45,29.2
ORD_10742,6.78,25.6,High,Sunny,Afternoon,4.62,48.6
ORD_10743,6.63,20.4,Medium,Foggy,Evening,4.53,42.5
ORD_10744,6.57,24.2,High,Clear,Morning,4.95,51.6
ORD_10745,10.59,9.4,High,Cloudy,Evening,4.28,49.7
ORD_10746,6.71,8.0,Medium,Sunny,Morning,4.82,27.3
ORD_10747,2.62,21.7,Medium,Clear,Afternoon,4.36,27.0
ORD_10748,4.48,11.5,Medium,Rainy,Evening,4.4,32.3
ORD_10749,5.93,18.7,High,Cloudy,Evening,4.16,48.7
ORD_10750,6.9,18.2,Low,Clear,Evening,4.82,33.9
ORD_10751,9.07,29.5,High,Sunny,Evening,4.62,69.1
ORD_10752,6.93,22.4,High,Rainy,Afternoon,4.57,57.4
ORD_10753,1.42,21.0,Jam,Clear,Afternoon,4.79,36.7
ORD_10754,2.85,25.0,Low,Sunny,Evening,4.54,35.7
ORD_10755,9.43,22.2,Medium,,Evening,4.72,54.7
ORD_10756,5.83,17.3,Medium,Rainy,Morning,4.85,38.4
ORD_10757,7.29,26.4,Medium,,Evening,4.41,53.5
ORD_10758,5.38,13.3,Medium,Clear,Evening,4.28,30.2
ORD_10759,4.46,21.9,Medium,Sunny,Morning,4.56,34.5
ORD_10760,5.51,10.7,High,Cloudy,Evening,4.84,37.8
ORD_10761,7.34,21.2,Jam,Clear,Evening,4.66,70.9
ORD_10762,6.68,21.2,,Sunny,Afternoon,4.6,62.0
ORD_10763,11.34,30.1,High,Cloudy,Evening,4.51,78.0
ORD_10764,2.26,10.6,Medium,Rainy,Evening,4.85,23.2
ORD_10765,2.5,16.4,Medium,Clear,Night,4.69,25.0
ORD_10766,5.79,24.9,High,Clear,Evening,4.56,41.3
ORD_10767,9.13,22.0,Medium,Sunny,Afternoon,4.63,42.2
ORD_10768,10.27,21.1,High,Cloudy,Morning,4.57,62.1
ORD_10769,4.58,14.3,Medium,Cloudy,Night,4.03,24.5
ORD_10770,1.0,16.5,High,Clear,Evening,4.6,26.6
ORD_10771,4.68,27.5,Low,Clear,Morning,4.65,37.0
ORD_10772,8.4,19.7,High,Cloudy,Morning,4.85,50.4
ORD_10773,6.6,22.3,High,Foggy,Evening,4.7,54.8
ORD_10774,9.32,19.3,Medium,Rainy,Evening,4.52,47.7
ORD_10775,12.84,12.9,Low,Cloudy,Morning,4.24,40.9
ORD_10776,6.04,25.6,,,Evening,4.55,57.2
ORD_10777,5.02,23.0,Low,Sunny,Afternoon,3.88,32.6
ORD_10778,3.67,33.8,High,Sunny,Afternoon,4.27,47.4
ORD_10779,2.49,13.9,Medium,Clear,Afternoon,3.97,17.2
ORD_10780,2.01,24.9,Jam,Foggy,Evening,4.61,43.2
ORD_10781,4.29,12.1,Jam,Sunny,Evening,4.56,46.1
ORD_10782,11.88,20.9,Medium,Sunny,Evening,4.74,52.2
ORD_10783,9.83,25.9,Medium,Clear,Afternoon,4.17,57.2
ORD_10784,4.87,8.0,Low,Sunny,Night,4.49,17.3
ORD_10785,19.92,18.8,Low,Clear,Morning,4.41,53.3
ORD_10786,4.49,16.6,Low,Clear,Evening,4.76,33.8
ORD_10787,13.52,15.8,High,Foggy,Evening,4.42,106.3
ORD_10788,15.29,22.3,Jam,Clear,Afternoon,4.28,122.9
ORD_10789,8.73,26.7,High,Sunny,Morning,4.79,59.7
ORD_10790,4.27,19.2,Medium,Clear,Night,4.83,28.5
ORD_10791,5.28,21.2,,Rainy,Evening,4.56,48.4
ORD_10792,7.45,20.7,High,Sunny,Morning,4.09,49.8
ORD_10793,2.54,20.0,Low,Clear,Night,4.66,26.8
ORD_10794,3.43,13.5,Medium,Rainy,Afternoon,4.4,32.7
ORD_10795,3.24,26.7,High,Rainy,Afternoon,4.1,51.5
ORD_10796,9.11,21.8,Jam,Foggy,Evening,4.2,87.9
ORD_10797,12.77,22.4,Low,Clear,Evening,4.79,49.0
ORD_10798,10.05,15.2,Medium,Sunny,Afternoon,4.35,41.3
ORD_10799,11.62,17.2,Low,Stormy,Morning,4.64,47.6
ORD_10800,4.03,18.9,Low,Rainy,Evening,3.98,35.9
ORD_10801,5.43,10.8,Medium,Rainy,Evening,4.55,35.3
ORD_10802,5.69,9.9,Low,Cloudy,Night,4.58,19.8
ORD_10803,8.71,16.4,Jam,Cloudy,Evening,4.32,76.6
ORD_10804,4.37,23.1,Jam,Rainy,Evening,4.39,62.9
ORD_10805,11.22,16.1,High,Clear,Morning,4.52,62.1
ORD_10806,15.06,13.9,Low,Cloudy,Night,4.39,42.8
ORD_10807,8.96,15.1,Low,Rainy,Afternoon,4.5,31.7
ORD_10808,5.28,17.3,Medium,Clear,Evening,4.22,37.0
ORD_10809,3.79,17.9,High,Clear,Night,3.88,27.8
ORD_10810,3.25,33.0,Medium,Clear,Evening,4.75,39.4
ORD_10811,1.43,26.3,High,Rainy,Evening,4.55,41.6
ORD_10812,5.8,26.1,Medium,Rainy,Evening,4.54,50.6
ORD_10813,5.6,27.0,Low,Cloudy,Night,4.6,35.1
ORD_10814,10.83,14.0,Low,Rainy,Evening,4.42,46.0
ORD_10815,4.56,12.7,High,Sunny,Evening,4.41,32.2
ORD_10816,6.01,13.4,Medium,Rainy,Evening,4.04,34.0
ORD_10817,7.89,28.0,Low,Clear,Morning,4.51,78.9
ORD_10818,8.88,16.7,,Cloudy,Evening,3.82,54.2
ORD_10819,10.14,12.5,High,Clear,Afternoon,4.32,50.2
ORD_10820,7.43,17.4,Medium,Clear,Afternoon,4.17,34.2
ORD_10821,2.65,18.6,Jam,Clear,Evening,4.4,33.1
ORD_10822,8.44,21.6,Medium,Sunny,Morning,4.1,41.6
ORD_10823,4.35,21.5,Low,Rainy,Morning,4.4,111.2
ORD_10824,13.11,15.0,Medium,Sunny,Afternoon,4.33,47.5
ORD_10825,6.75,24.1,Medium,Clear,Afternoon,4.39,43.2
ORD_10826,7.7,16.2,High,Stormy,Afternoon,4.44,60.7
ORD_10827,23.93,19.1,High,Clear,Night,4.38,102.1
ORD_10828,10.24,24.1,Jam,Stormy,Evening,4.56,106.4
ORD_10829,8.35,16.1,Medium,Foggy,Afternoon,4.41,43.4
ORD_10830,6.12,16.6,Low,Sunny,Morning,4.71,29.3
ORD_10831,2.81,23.6,Jam,Clear,Evening,4.54,45.9
ORD_10832,5.85,14.9,High,Cloudy,Evening,4.1,44.3
ORD_10833,3.76,17.7,High,Rainy,Evening,4.62,44.6
ORD_10834,16.07,23.3,Jam,Sunny,Afternoon,4.26,124.9
ORD_10835,8.41,32.3,Medium,Clear,Morning,4.51,52.2
ORD_10836,12.84,23.6,Medium,Rainy,Afternoon,4.42,64.0
ORD_10837,4.47,22.8,High,Sunny,Evening,4.52,44.0
ORD_10838,3.95,23.2,Medium,Clear,Evening,4.33,40.8
ORD_10839,9.68,13.6,Low,,Night,4.51,39.4
ORD_10840,3.66,20.7,Medium,Foggy,Afternoon,4.81,36.8
ORD_10841,5.04,19.8,Medium,Sunny,Evening,4.68,32.8
ORD_10842,16.49,21.9,Medium,Clear,Night,4.64,63.6
ORD_10843,5.16,20.7,High,Cloudy,Evening,4.29,50.1
ORD_10844,2.39,22.3,,Clear,Evening,3.99,39.0
ORD_10845,1.75,18.1,High,Clear,Night,4.2,24.6
ORD_10846,2.18,20.4,Medium,Rainy,Afternoon,4.22,36.9
ORD_10847,13.26,12.6,,Stormy,Morning,4.72,76.7
ORD_10848,4.66,18.1,Low,Sunny,Night,4.73,25.3
ORD_10849,23.51,28.3,High,Cloudy,Evening,4.82,118.8
ORD_10850,15.15,21.9,Jam,Clear,Evening,3.92,122.1
ORD_10851,18.67,19.9,Medium,Sunny,Evening,4.6,71.4
ORD_10852,11.78,31.4,High,Clear,Afternoon,4.69,74.1
ORD_10853,9.39,11.8,High,Clear,Evening,4.73,49.2
ORD_10854,3.85,13.3,,Sunny,Evening,4.81,30.9
ORD_10855,6.65,30.3,High,Rainy,Afternoon,4.34,60.0
ORD_10856,9.93,20.3,High,,Morning,3.68,62.0
ORD_10857,11.38,18.5,Medium,Sunny,Evening,4.2,49.3
ORD_10858,3.01,12.8,High,Clear,Morning,4.44,24.1
ORD_10859,5.91,22.7,High,Cloudy,Afternoon,4.19,36.7
ORD_10860,6.33,23.3,Medium,Sunny,Morning,3.94,40.9
ORD_10861,6.18,13.4,,Clear,Evening,4.88,35.2
ORD_10862,3.3,19.2,Low,Clear,Night,4.69,22.2
ORD_10863,17.46,18.0,Low,Clear,Evening,4.45,50.7
ORD_10864,5.78,21.5,Medium,Sunny,Afternoon,4.37,33.3
ORD_10865,3.47,13.3,Low,Clear,Night,4.56,17.2
ORD_10866,17.7,27.5,High,Rainy,Morning,4.62,102.3
ORD_10867,15.16,25.5,High,Foggy,Afternoon,4.73,90.6
ORD_10868,7.26,17.8,High,Clear,Afternoon,4.41,44.9
ORD_10869,1.74,18.7,,Sunny,Afternoon,4.37,23.3
ORD_10870,4.94,19.2,Medium,Sunny,Afternoon,4.83,29.1
ORD_10871,2.05,15.3,Medium,Stormy,Afternoon,4.58,36.3
ORD_10872,8.99,17.3,Jam,Clear,Afternoon,4.64,152.1
ORD_10873,4.72,18.4,High,Cloudy,Evening,4.53,36.0
ORD_10874,6.55,29.7,Low,Clear,Afternoon,4.62,38.8
ORD_10875,16.83,25.7,High,Sunny,Evening,4.48,91.1
ORD_10876,4.5,25.6,Low,Clear,Evening,4.46,35.6
ORD_10877,8.77,22.2,Low,Clear,Morning,4.54,37.0
ORD_10878,10.31,13.3,High,Clear,Evening,3.94,54.6
ORD_10879,13.03,19.8,Jam,Clear,Evening,4.83,108.9
ORD_10880,6.27,25.8,Medium,Clear,Morning,3.91,43.9
ORD_10881,5.87,12.5,Medium,Cloudy,Morning,4.74,28.4
ORD_10882,5.78,23.8,High,Cloudy,Evening,4.5,51.8
ORD_10883,8.28,33.9,Jam,Sunny,Evening,4.71,92.1
ORD_10884,14.81,26.4,,Clear,Evening,3.92,63.6
ORD_10885,5.62,28.5,High,Clear,Afternoon,4.75,47.1
ORD_10886,1.0,21.3,Medium,Rainy,Evening,4.31,32.8
ORD_10887,10.97,25.8,High,Clear,Evening,4.56,68.4
ORD_10888,6.94,15.7,Low,Foggy,Night,4.29,29.8
ORD_10889,9.0,24.8,Jam,Rainy,Evening,4.37,92.5
ORD_10890,2.11,23.9,Low,Clear,Afternoon,4.52,29.6
ORD_10891,4.73,21.7,Low,Rainy,Morning,4.58,34.5
ORD_10892,10.46,27.9,Medium,Cloudy,Morning,4.78,54.2
ORD_10893,2.75,16.8,High,Cloudy,Evening,4.41,34.6
ORD_10894,8.76,18.9,High,,Morning,4.5,58.6
ORD_10895,6.52,20.6,Low,Sunny,Evening,4.14,42.8
ORD_10896,4.09,13.8,Low,Cloudy,Evening,4.36,30.1
ORD_10897,3.88,21.4,High,Cloudy,Afternoon,4.79,29.4
ORD_10898,3.32,9.7,High,Cloudy,Evening,3.93,23.6
ORD_10899,6.92,26.3,Jam,Cloudy,Evening,4.02,77.1
ORD_10900,7.41,20.3,High,Clear,Afternoon,4.4,46.4
ORD_10901,5.28,16.9,Medium,Clear,Night,4.17,30.9
ORD_10902,3.18,15.0,High,Foggy,Evening,4.19,36.5
ORD_10903,8.61,18.6,Medium,Clear,Afternoon,4.51,34.6
ORD_10904,11.08,24.1,Jam,Sunny,Evening,4.05,104.4
ORD_10905,9.53,23.3,Medium,Sunny,Evening,4.34,55.3
ORD_10906,19.09,15.8,High,Clear,Evening,4.63,85.1
ORD_10907,5.95,14.9,High,Clear,Evening,4.18,38.7
ORD_10908,14.0,23.9,Medium,Clear,Afternoon,4.7,56.5
ORD_10909,4.36,15.7,High,Sunny,Afternoon,4.75,34.3
ORD_10910,3.91,20.4,Medium,Rainy,Evening,4.41,43.9
ORD_10911,7.18,20.7,Low,Sunny,Morning,4.65,32.6
ORD_10912,15.74,21.9,Low,Cloudy,Evening,4.11,54.3
ORD_10913,5.54,25.1,Jam,Sunny,Afternoon,4.01,65.1
ORD_10914,2.1,12.4,Jam,Rainy,Evening,4.88,101.8
ORD_10915,10.96,8.5,Medium,Cloudy,Evening,3.99,41.1
ORD_10916,6.35,16.6,Medium,Clear,Evening,4.3,37.8
ORD_10917,7.96,30.8,Low,Sunny,Evening,4.31,50.3
ORD_10918,4.04,32.1,Medium,Rainy,Evening,4.69,114.9
ORD_10919,7.14,31.0,Medium,Cloudy,Afternoon,4.61,45.2
ORD_10920,2.35,18.8,Low,Foggy,Morning,4.79,29.4
ORD_10921,17.61,9.3,High,Clear,Evening,4.81,79.7
ORD_10922,12.12,8.0,,Stormy,Night,4.44,52.7
ORD_10923,6.95,16.3,Low,Clear,Morning,4.38,25.5
ORD_10924,10.79,18.8,High,,Afternoon,4.22,61.3
ORD_10925,4.37,27.8,Medium,Sunny,Afternoon,4.33,35.9
ORD_10926,11.82,25.2,Low,Clear,Night,4.78,37.6
ORD_10927,5.39,21.4,High,Cloudy,Afternoon,4.65,41.3
ORD_10928,5.15,14.7,Low,Foggy,Morning,4.88,25.2
ORD_10929,3.48,14.2,,Foggy,Morning,4.11,26.5
ORD_10930,8.55,21.5,Medium,Cloudy,Evening,3.96,43.7
ORD_10931,6.77,24.2,High,Sunny,Night,4.17,47.6
ORD_10932,14.25,22.4,High,Stormy,Afternoon,4.38,138.7
ORD_10933,3.2,13.8,Medium,Sunny,Morning,4.56,19.7
ORD_10934,8.57,23.9,Jam,Foggy,Evening,4.73,88.6
ORD_10935,12.78,22.6,Medium,Foggy,Afternoon,4.95,63.0
ORD_10936,23.81,13.6,High,Clear,Morning,4.35,102.3
ORD_10937,7.49,15.3,Medium,,Night,4.13,32.7
ORD_10938,5.33,24.1,Low,Sunny,Night,4.38,34.7
ORD_10939,7.38,18.6,Medium,Rainy,Night,4.84,42.6
ORD_10940,13.62,29.5,High,Rainy,Evening,4.59,90.8
ORD_10941,13.62,23.0,High,Cloudy,Afternoon,4.4,76.9
ORD_10942,6.2,17.1,Jam,Clear,Evening,4.2,59.9
ORD_10943,13.49,19.9,Low,Clear,Morning,4.58,42.7
ORD_10944,6.57,20.4,Medium,Foggy,Afternoon,4.65,41.4
ORD_10945,10.72,15.6,Low,Sunny,Afternoon,4.54,27.6
ORD_10946,9.16,14.5,Low,Cloudy,Night,4.57,24.9
ORD_10947,5.19,24.2,Medium,,Evening,4.57,48.5
ORD_10948,3.57,25.1,Low,Rainy,Morning,4.07,43.1
ORD_10949,12.97,23.6,Medium,Sunny,Morning,4.46,54.1
ORD_10950,15.01,29.1,High,Sunny,Evening,4.07,84.6
ORD_10951,8.45,16.7,Jam,Cloudy,Evening,4.19,78.8
ORD_10952,6.57,30.0,Low,Clear,Evening,4.43,46.6
ORD_10953,2.92,14.6,Low,Cloudy,Morning,4.81,18.3
ORD_10954,12.79,13.9,Medium,Clear,Evening,4.92,46.7
ORD_10955,7.89,9.4,Jam,Rainy,Evening,4.31,66.0
ORD_10956,5.66,17.3,Low,Stormy,Night,4.45,38.7
ORD_10957,10.89,17.0,Jam,Foggy,Morning,4.83,93.2
ORD_10958,2.54,23.2,Jam,Sunny,Evening,4.85,41.9
ORD_10959,3.36,21.5,High,Sunny,Morning,4.57,40.6
ORD_10960,4.26,12.8,Low,Clear,Afternoon,4.85,15.6
ORD_10961,8.99,17.6,Medium,Clear,Afternoon,3.95,44.7
ORD_10962,7.43,17.8,Jam,Sunny,Evening,4.38,67.8
ORD_10963,9.61,9.3,Low,Cloudy,Afternoon,4.02,26.7
ORD_10964,12.3,14.1,Medium,Clear,Afternoon,4.73,46.5
ORD_10965,9.81,15.4,Medium,Sunny,Afternoon,4.81,36.2
ORD_10966,17.82,28.6,Low,Sunny,Night,4.81,56.7
ORD_10967,12.28,21.1,Jam,Clear,Evening,4.3,107.2
ORD_10968,6.19,24.0,Medium,Clear,Morning,4.8,40.3
ORD_10969,4.71,11.0,High,,Morning,4.28,27.5
ORD_10970,6.3,27.2,High,Cloudy,Evening,4.45,59.8
ORD_10971,10.0,27.8,Medium,Cloudy,Afternoon,4.62,51.6
ORD_10972,5.04,8.0,High,Sunny,Afternoon,4.53,21.1
ORD_10973,10.16,15.8,Jam,Clear,Evening,4.06,82.9
ORD_10974,9.51,23.0,Jam,Clear,Morning,4.28,83.2
ORD_10975,3.53,23.9,Medium,Clear,Night,4.13,30.3
ORD_10976,12.16,15.9,Medium,Clear,Morning,4.38,50.8
ORD_10977,8.28,18.2,Low,Rainy,Morning,4.58,35.1
ORD_10978,17.34,16.4,Low,Clear,Afternoon,3.89,54.2
ORD_10979,6.59,20.7,Medium,Clear,Evening,4.24,37.6
ORD_10980,5.5,27.2,Medium,Clear,Afternoon,4.41,38.4
ORD_10981,3.22,15.4,Medium,Sunny,Evening,4.31,23.4
ORD_10982,3.19,26.0,Medium,Clear,Afternoon,4.41,31.5
ORD_10983,11.35,15.3,Low,Clear,Morning,4.78,35.2
ORD_10984,16.37,14.9,Low,Clear,Night,4.62,42.9
ORD_10985,6.25,24.9,Low,Foggy,Night,4.5,40.4
ORD_10986,6.0,25.5,High,Foggy,Evening,4.79,48.1
ORD_10987,6.96,25.1,Medium,Cloudy,Evening,3.97,46.6
ORD_10988,12.62,12.1,Medium,Clear,Morning,4.59,113.4
ORD_10989,3.55,17.2,High,Clear,Afternoon,4.32,29.6
ORD_10990,7.69,24.9,Low,Cloudy,Afternoon,4.34,39.3
ORD_10991,11.49,20.2,Jam,Clear,Night,4.77,92.7
ORD_10992,8.93,13.6,High,Sunny,Evening,4.78,51.7
ORD_10993,1.0,22.7,Low,Cloudy,Morning,4.35,27.8
ORD_10994,9.83,15.7,Medium,Sunny,Afternoon,4.62,38.3
ORD_10995,8.98,30.8,High,Sunny,Morning,3.92,67.2
ORD_10996,13.99,29.3,Medium,Clear,Afternoon,4.27,66.5
ORD_10997,15.65,23.6,Medium,Cloudy,Evening,4.68,61.7
ORD_10998,13.6,28.2,Jam,Cloudy,Afternoon,4.21,121.4
ORD_10999,6.98,20.4,High,Cloudy,Morning,4.42,45.7
ORD_11000,2.03,24.6,High,,Morning,4.54,36.0
ORD_11001,5.97,28.9,Jam,Cloudy,Evening,4.47,69.4
ORD_11002,6.85,21.5,High,Foggy,Evening,4.11,54.9
ORD_11003,16.26,18.5,,Cloudy,Afternoon,4.14,61.2
ORD_11004,4.07,9.8,High,Sunny,Evening,4.31,21.8
ORD_11005,2.6,19.5,High,Rainy,Morning,4.77,29.4
ORD_11006,5.06,24.9,Low,Cloudy,Morning,4.16,35.3
ORD_11007,4.22,25.7,Medium,Rainy,Evening,4.39,50.5
ORD_11008,2.42,23.0,Medium,Cloudy,Afternoon,4.71,28.6
ORD_11009,6.33,16.8,Medium,Cloudy,Afternoon,4.25,35.0
ORD_11010,7.01,8.1,Low,Cloudy,Night,4.2,12.0
ORD_11011,2.31,17.0,High,Clear,Afternoon,4.55,27.1
ORD_11012,5.48,18.2,High,Sunny,Morning,4.01,41.2
ORD_11013,4.04,18.1,Low,Clear,Night,4.67,25.3
ORD_11014,1.57,23.7,High,Sunny,Morning,4.68,29.3
ORD_11015,7.15,31.9,High,Cloudy,Evening,4.38,58.6
ORD_11016,7.58,20.7,Medium,Sunny,Afternoon,4.16,37.1
ORD_11017,4.04,18.7,Medium,Clear,Evening,4.74,27.6
ORD_11018,12.09,18.4,Medium,Sunny,Evening,4.55,52.2
ORD_11019,6.75,20.7,High,Clear,Afternoon,4.48,44.3
ORD_11020,4.17,15.0,Medium,Rainy,Evening,4.89,36.1
ORD_11021,2.2,20.7,Low,Rainy,Night,4.27,32.1
ORD_11022,7.82,22.7,Low,Rainy,Morning,4.46,49.7
ORD_11023,8.97,21.3,Jam,Clear,Evening,4.45,83.5
ORD_11024,4.88,22.7,High,Clear,Morning,4.15,41.0
ORD_11025,7.28,22.6,Medium,Foggy,Morning,4.79,45.5
ORD_11026,15.65,9.4,High,Clear,Night,4.68,57.7
ORD_11027,11.04,23.8,Medium,Cloudy,Evening,4.78,53.2
ORD_11028,1.18,16.0,Medium,Rainy,Morning,4.83,27.1
ORD_11029,4.14,13.4,Medium,Sunny,Evening,4.49,24.9
ORD_11030,6.15,13.4,Medium,Sunny,Afternoon,4.84,26.3
ORD_11031,6.99,22.6,Jam,Clear,Evening,4.57,70.1
ORD_11032,7.38,18.7,High,Foggy,Evening,4.35,58.4
ORD_11033,8.64,9.9,Low,,Night,4.32,25.3
ORD_11034,6.27,22.9,Low,Clear,Morning,4.88,33.4
ORD_11035,6.74,11.4,Medium,Sunny,Afternoon,4.43,34.6
ORD_11036,11.36,20.8,High,Clear,Morning,4.9,58.6
ORD_11037,7.91,21.4,Low,Cloudy,Morning,4.42,35.8
ORD_11038,3.0,25.3,Medium,Sunny,Night,4.72,27.1
ORD_11039,7.12,30.7,High,Clear,Night,4.66,52.7
ORD_11040,6.16,11.8,Medium,Clear,Evening,4.86,32.2
ORD_11041,1.56,19.7,Jam,Clear,Evening,4.61,28.8
ORD_11042,7.34,18.3,Low,Clear,Evening,4.61,33.9
ORD_11043,3.29,22.6,Medium,Clear,Morning,4.55,32.1
ORD_11044,11.46,21.3,High,Rainy,Morning,4.42,73.5
ORD_11045,8.57,17.9,Medium,,Afternoon,4.41,36.5
ORD_11046,2.88,17.4,Medium,Clear,Evening,4.77,27.7
ORD_11047,11.17,13.3,Jam,Clear,Evening,4.9,87.5
ORD_11048,14.12,25.9,Low,Sunny,Evening,4.82,53.7
ORD_11049,5.7,22.8,Medium,Cloudy,Afternoon,4.72,33.8
ORD_11050,6.13,25.5,High,Foggy,Evening,4.83,50.8
ORD_11051,10.55,18.1,Low,Sunny,Night,4.62,36.7
ORD_11052,13.54,16.1,Medium,Clear,Afternoon,4.83,55.4
ORD_11053,1.92,13.5,High,Clear,Evening,4.43,21.8
ORD_11054,3.13,22.2,Medium,Clear,Afternoon,4.67,28.6
ORD_11055,5.13,13.8,High,Rainy,Evening,4.52,43.8
ORD_11056,5.49,31.1,Low,Cloudy,Evening,4.7,47.7
ORD_11057,10.38,12.2,Low,Clear,Afternoon,4.32,34.3
ORD_11058,13.57,21.6,Medium,Rainy,Afternoon,4.68,62.8
ORD_11059,14.14,29.4,Medium,Rainy,Morning,4.71,70.8
ORD_11060,1.89,23.6,,Rainy,Night,4.17,34.8
ORD_11061,3.89,21.1,Low,Clear,Night,4.64,27.3
ORD_11062,2.79,14.2,High,Clear,Evening,4.54,26.4
ORD_11063,4.53,11.7,Medium,Clear,Afternoon,4.88,24.0
ORD_11064,3.88,24.6,High,Sunny,Evening,4.39,42.7
ORD_11065,8.55,29.0,Jam,Sunny,Evening,4.38,86.1
ORD_11066,9.15,17.4,Medium,Rainy,Afternoon,4.65,42.8
ORD_11067,6.69,13.2,High,Clear,Morning,4.81,32.9
ORD_11068,6.31,8.0,Low,Cloudy,Night,4.64,16.2
ORD_11069,5.27,14.1,High,Rainy,Evening,3.91,44.1
ORD_11070,5.66,19.3,High,Clear,Evening,4.57,45.5
ORD_11071,15.55,29.6,High,Clear,Afternoon,4.77,86.0
ORD_11072,9.94,24.0,Jam,Cloudy,Evening,4.84,94.0
ORD_11073,5.39,21.8,Medium,Cloudy,Evening,4.8,40.0
ORD_11074,6.24,17.6,Medium,Foggy,Afternoon,4.72,79.7
ORD_11075,8.67,16.5,Low,Rainy,Evening,4.76,39.9
ORD_11076,2.88,28.4,Medium,Rainy,Night,4.52,37.1
ORD_11077,7.27,21.2,Medium,Cloudy,Night,4.47,37.9
ORD_11078,9.63,8.0,High,Clear,Evening,4.53,46.8
ORD_11079,8.93,16.0,High,Rainy,Evening,4.35,59.0
ORD_11080,3.94,14.9,High,Foggy,Evening,3.6,36.0
ORD_11081,4.44,16.7,Low,Sunny,Night,4.3,25.1
ORD_11082,1.41,23.4,Medium,Clear,Evening,3.75,31.2
ORD_11083,10.21,19.4,Medium,Sunny,Morning,4.49,46.2
ORD_11084,19.22,19.5,High,Foggy,Evening,4.61,98.8
ORD_11085,3.57,27.9,Low,Clear,Night,4.55,30.2
ORD_11086,12.25,15.8,Medium,Cloudy,Afternoon,4.46,108.1
ORD_11087,18.28,31.2,High,Rainy,Evening,4.49,109.9
ORD_11088,4.94,16.0,Jam,Rainy,Afternoon,4.72,55.8
ORD_11089,6.24,20.5,Low,,Night,4.1,31.2
ORD_11090,7.76,18.3,High,Foggy,Evening,4.34,105.4
ORD_11091,8.76,20.7,High,Clear,Evening,4.83,53.5
ORD_11092,8.01,22.7,,Clear,Evening,4.65,78.8
ORD_11093,5.19,22.6,High,Clear,Evening,4.6,44.2
ORD_11094,9.54,15.5,Medium,Clear,Night,4.59,37.1
ORD_11095,5.27,13.3,Medium,Sunny,Night,4.05,22.2
ORD_11096,8.33,35.0,Low,Clear,Morning,4.67,49.5
ORD_11097,6.55,17.1,Medium,Cloudy,Morning,4.31,38.2
ORD_11098,1.73,24.2,High,Sunny,Evening,4.58,34.3
ORD_11099,13.26,10.4,Low,Cloudy,Night,4.34,37.6
ORD_11100,4.52,18.3,Low,Clear,Afternoon,4.91,23.1
ORD_11101,14.0,19.2,Low,Clear,Morning,4.06,49.1
ORD_11102,11.97,22.8,Medium,Clear,Afternoon,4.33,48.8
ORD_11103,7.62,8.0,High,Clear,Afternoon,4.77,34.4
ORD_11104,9.03,21.0,Jam,Clear,Evening,4.47,80.2
ORD_11105,9.66,13.1,Low,Clear,Morning,4.44,36.7
ORD_11106,5.89,21.9,Low,Sunny,Afternoon,4.71,32.0
ORD_11107,6.07,13.8,Jam,Clear,Night,4.41,55.3
ORD_11108,9.4,14.9,Medium,,Morning,4.33,39.9
ORD_11109,6.59,18.4,Jam,Clear,Evening,4.36,66.2
ORD_11110,5.2,13.7,Low,Rainy,Afternoon,4.14,27.0
ORD_11111,3.98,17.1,Jam,Clear,Evening,4.76,44.9
ORD_11112,8.47,12.8,High,Clear,Morning,4.75,40.8
ORD_11113,4.42,9.0,Medium,Sunny,Afternoon,4.51,17.6
ORD_11114,10.84,26.1,Medium,Cloudy,Afternoon,4.26,54.3
ORD_11115,11.36,12.2,Low,Sunny,Night,4.81,80.6
ORD_11116,8.99,18.9,Medium,Sunny,Evening,4.61,39.3
ORD_11117,10.09,24.5,Jam,Cloudy,Morning,4.83,88.9
ORD_11118,9.0,16.3,High,Sunny,Evening,4.38,54.1
ORD_11119,10.5,15.0,High,Clear,Morning,4.59,53.2
ORD_11120,10.24,21.4,Medium,Clear,Night,4.74,40.6
ORD_11121,8.21,26.7,Medium,Stormy,Afternoon,4.9,100.0
ORD_11122,12.06,13.0,High,,Evening,4.09,63.1
ORD_11123,6.02,19.1,Low,Sunny,Morning,4.97,29.0
ORD_11124,4.06,9.6,High,Clear,Evening,4.91,21.6
ORD_11125,3.93,17.6,Jam,Rainy,Evening,4.6,52.0
ORD_11126,5.49,20.2,Medium,Clear,Afternoon,4.61,30.2
ORD_11127,1.54,14.9,Medium,Clear,Morning,4.3,19.8
ORD_11128,7.58,17.3,Medium,Sunny,Night,4.65,32.7
ORD_11129,9.74,11.6,High,Sunny,Evening,4.16,51.3
ORD_11130,11.27,20.5,High,Stormy,Evening,4.5,73.4
ORD_11131,2.02,26.3,Jam,Clear,Evening,4.59,41.6
ORD_11132,4.01,13.4,Low,Sunny,Evening,4.75,21.4
ORD_11133,10.66,16.3,High,Clear,Morning,4.48,53.5
ORD_11134,5.91,23.0,High,Cloudy,Night,4.13,45.4
ORD_11135,9.61,27.3,Low,Sunny,Afternoon,4.91,42.4
ORD_11136,2.78,11.0,High,Cloudy,Evening,4.64,24.3
ORD_11137,13.91,19.0,Medium,Clear,Evening,4.46,52.7
ORD_11138,2.62,21.7,Low,Sunny,Evening,4.63,28.6
ORD_11139,7.45,19.4,Low,Sunny,Night,4.84,24.9
ORD_11140,7.56,8.0,High,,Afternoon,4.58,34.4
ORD_11141,4.85,23.0,Jam,Sunny,Evening,4.36,57.3
ORD_11142,8.81,29.1,High,Sunny,Evening,4.66,68.6
ORD_11143,8.95,20.7,High,Rainy,Morning,4.6,60.0
ORD_11144,8.4,13.8,Low,Sunny,Afternoon,4.53,33.0
ORD_11145,4.8,16.9,Medium,Foggy,Evening,4.86,38.3
ORD_11146,4.21,30.6,Jam,Clear,Afternoon,4.72,56.6
ORD_11147,5.13,25.5,,Clear,Evening,4.47,61.5
ORD_11148,3.84,23.8,Medium,Sunny,Evening,4.15,32.6
ORD_11149,12.37,22.1,High,Clear,Evening,4.47,68.5
ORD_11150,5.42,16.0,Low,Sunny,Night,4.78,24.0
ORD_11151,7.32,18.8,Medium,Clear,Morning,4.34,36.2
ORD_11152,10.63,19.5,Jam,Rainy,Evening,4.37,102.0
ORD_11153,3.72,23.3,High,Sunny,Afternoon,4.73,37.5
ORD_11154,2.54,29.1,Medium,Sunny,Afternoon,4.83,34.4
ORD_11155,3.85,26.7,Low,Rainy,Night,3.85,42.0
ORD_11156,7.8,11.5,Low,Clear,Morning,4.04,28.1
ORD_11157,7.49,21.3,High,Rainy,Morning,4.75,55.8
ORD_11158,8.39,24.4,High,Sunny,Evening,4.24,56.1
ORD_11159,6.25,23.7,Jam,Clear,Afternoon,4.59,69.6
ORD_11160,1.0,16.2,Jam,Rainy,Evening,4.23,34.3
ORD_11161,6.13,37.5,Medium,Sunny,Evening,4.75,55.3
ORD_11162,11.44,12.3,High,Cloudy,Afternoon,4.74,52.8
ORD_11163,13.09,13.5,Medium,Rainy,Morning,4.56,60.3
ORD_11164,7.04,21.4,Low,Rainy,Morning,4.61,39.2
ORD_11165,7.51,32.7,Medium,Rainy,Afternoon,4.38,57.8
ORD_11166,9.51,15.0,Jam,Sunny,Afternoon,4.21,78.2
ORD_11167,12.89,18.4,Low,Cloudy,Night,4.65,37.7
ORD_11168,6.67,26.5,High,Clear,Evening,4.33,55.2
ORD_11169,9.43,19.9,Medium,Rainy,Morning,4.55,51.4
ORD_11170,4.66,18.0,Low,Clear,Night,4.81,20.9
ORD_11171,2.82,23.4,High,,Morning,4.25,36.7
ORD_11172,4.98,21.6,Jam,Rainy,Evening,4.46,61.0
ORD_11173,14.53,26.2,Low,Rainy,Morning,4.74,59.0
ORD_11174,9.54,27.7,Low,Foggy,Morning,4.75,47.7
ORD_11175,3.01,21.8,High,Sunny,Evening,4.71,36.5
ORD_11176,9.8,21.8,Medium,Clear,Evening,4.79,49.2
ORD_11177,3.18,21.3,High,Foggy,Evening,4.48,36.9
ORD_11178,8.32,22.9,Low,Sunny,Afternoon,4.66,35.4
ORD_11179,3.62,20.3,High,Rainy,Morning,4.0,40.1
ORD_11180,2.89,20.0,High,Cloudy,Evening,4.48,36.3
ORD_11181,15.87,27.2,Medium,Rainy,Evening,4.6,73.5
ORD_11182,5.41,29.1,Medium,Cloudy,Morning,4.18,44.4
ORD_11183,9.44,11.0,Medium,Rainy,Afternoon,4.89,39.1
ORD_11184,6.84,20.1,Medium,Clear,Evening,4.69,37.8
ORD_11185,3.36,15.9,High,Foggy,Evening,4.96,39.7
ORD_11186,5.78,18.1,High,Clear,Evening,4.53,39.7
ORD_11187,3.38,22.4,High,Clear,Evening,4.82,35.8
ORD_11188,22.16,24.0,Low,Sunny,Night,4.72,64.2
ORD_11189,10.41,19.3,Low,Cloudy,Afternoon,4.34,38.4
ORD_11190,6.76,8.5,High,,Evening,4.32,35.9
ORD_11191,9.16,14.2,High,Clear,Evening,4.55,99.8
ORD_11192,10.03,25.4,Medium,,Evening,4.29,56.7
ORD_11193,10.05,8.0,High,Rainy,Afternoon,4.56,55.5
ORD_11194,9.81,27.1,Medium,Cloudy,Evening,4.75,54.0
ORD_11195,9.39,23.1,Medium,Sunny,Evening,4.69,45.9
ORD_11196,7.09,27.9,High,Cloudy,Evening,4.62,55.4
ORD_11197,15.2,18.8,Medium,Rainy,Afternoon,4.37,67.3
ORD_11198,7.36,8.0,High,Foggy,Evening,4.63,43.3
ORD_11199,6.88,22.6,Low,Clear,Night,4.23,31.6
ORD_11200,7.4,27.6,Low,Clear,Night,4.67,37.1
ORD_11201,7.71,25.5,High,Clear,Evening,4.32,53.4
ORD_11202,2.03,16.0,High,Sunny,Evening,4.76,24.9
ORD_11203,3.82,20.5,Medium,Sunny,Morning,4.6,31.3
ORD_11204,6.25,16.8,Jam,Sunny,Evening,4.3,65.5
ORD_11205,1.96,15.1,Low,Cloudy,Morning,4.15,24.2
ORD_11206,6.75,25.7,Jam,Sunny,Evening,4.9,72.0
ORD_11207,7.65,12.8,Medium,Clear,Afternoon,4.77,28.3
ORD_11208,2.73,14.6,High,Sunny,Evening,4.78,27.7
ORD_11209,4.45,13.4,,Clear,Evening,4.73,39.3
ORD_11210,13.39,11.1,Medium,Rainy,Night,4.48,47.3
ORD_11211,9.21,20.9,Low,Sunny,Evening,4.44,42.2
ORD_11212,8.91,27.0,High,Cloudy,Evening,4.57,66.4
ORD_11213,12.49,18.9,Medium,Clear,Evening,4.4,56.3
ORD_11214,3.87,11.0,Medium,Cloudy,Afternoon,4.76,20.3
ORD_11215,2.74,25.0,High,Sunny,Morning,4.35,39.5
ORD_11216,11.56,30.1,Medium,Clear,Morning,4.68,57.5
ORD_11217,6.36,16.1,Low,Cloudy,Morning,4.32,28.5
ORD_11218,3.81,17.1,Low,Clear,Night,4.33,23.5
ORD_11219,2.02,23.1,Low,Sunny,Morning,4.46,82.0
ORD_11220,7.45,29.7,Medium,Cloudy,Evening,4.93,53.8
ORD_11221,5.92,16.9,Medium,Sunny,Morning,4.3,94.0
ORD_11222,5.31,12.0,Medium,Cloudy,Night,4.89,25.6
ORD_11223,1.1,23.8,,Clear,Afternoon,3.93,29.6
ORD_11224,15.09,24.8,Medium,Clear,Afternoon,4.15,62.3
ORD_11225,2.38,20.0,Jam,Clear,Afternoon,4.9,35.0
ORD_11226,5.64,16.7,High,Clear,Evening,4.61,48.0
ORD_11227,5.06,26.0,Medium,Sunny,Afternoon,4.86,39.6
ORD_11228,9.37,23.2,Jam,Sunny,Evening,4.77,87.2
ORD_11229,2.04,15.4,,Cloudy,Evening,4.7,34.5
ORD_11230,8.74,20.3,Low,Rainy,Afternoon,4.27,40.0
ORD_11231,7.47,11.9,Medium,Cloudy,Morning,4.86,30.4
ORD_11232,4.31,24.1,High,Sunny,Evening,4.69,41.3
ORD_11233,8.56,18.4,Medium,Clear,Afternoon,4.27,37.1
ORD_11234,6.75,17.4,Low,Sunny,Night,4.31,33.7
ORD_11235,17.08,19.8,Medium,Clear,Morning,4.0,64.9
ORD_11236,5.92,20.2,Medium,Cloudy,Evening,4.79,39.7
ORD_11237,3.47,25.4,Jam,Rainy,Evening,3.97,58.3
ORD_11238,8.79,23.5,Low,Sunny,Evening,4.86,37.8
ORD_11239,5.47,19.1,Jam,Clear,Afternoon,4.72,53.9
ORD_11240,6.66,24.6,Medium,Foggy,Night,4.76,42.5
ORD_11241,2.75,22.4,High,Clear,Evening,4.59,31.5
ORD_11242,9.45,17.4,Medium,Foggy,Evening,4.38,115.0
ORD_11243,4.93,19.3,High,Rainy,Evening,4.49,96.9
ORD_11244,7.81,19.1,High,Sunny,Evening,4.11,45.8
ORD_11245,19.44,23.0,Medium,Clear,Night,4.48,69.6
ORD_11246,5.71,17.8,Low,Foggy,Night,3.79,33.0
ORD_11247,10.19,17.7,High,Cloudy,Afternoon,4.21,59.3
ORD_11248,5.95,31.8,Low,Clear,Afternoon,4.06,43.2
ORD_11249,4.35,25.6,Medium,Sunny,Night,4.69,32.3
ORD_11250,13.65,15.4,High,Cloudy,Afternoon,4.75,68.1
ORD_11251,1.58,23.4,Medium,Clear,Night,4.9,22.6
ORD_11252,11.68,20.7,Medium,Clear,Evening,4.58,53.9
ORD_11253,1.42,22.3,Low,Clear,Morning,4.37,28.7
ORD_11254,11.01,20.8,Medium,Clear,Afternoon,4.24,40.4
ORD_11255,6.73,27.1,Medium,,Evening,4.43,43.8
ORD_11256,3.48,22.1,Low,Clear,Evening,4.45,32.1
ORD_11257,5.14,19.6,,Clear,Afternoon,4.17,29.2
ORD_11258,9.88,26.3,High,Clear,Afternoon,4.68,65.9
ORD_11259,18.43,21.4,Low,Foggy,Night,4.4,62.9
ORD_11260,2.1,20.7,High,Sunny,Morning,4.9,30.6
ORD_11261,3.63,21.9,,Sunny,Evening,4.82,31.8
ORD_11262,2.58,19.4,High,Sunny,Evening,4.02,31.5
ORD_11263,5.92,20.1,Low,Clear,Morning,4.64,32.8
ORD_11264,11.18,16.5,High,Rainy,Morning,4.69,65.0
ORD_11265,2.32,15.5,Low,Sunny,Afternoon,4.77,17.9
ORD_11266,6.62,14.0,Low,Sunny,Morning,4.74,29.6
ORD_11267,10.98,11.6,Low,Foggy,Evening,4.71,39.8
ORD_11268,5.09,14.7,Medium,Cloudy,Evening,4.42,30.3
ORD_11269,7.51,19.0,High,Clear,Evening,4.28,46.0
ORD_11270,13.09,20.6,High,Foggy,Evening,4.84,81.2
ORD_11271,3.18,18.4,Medium,Rainy,Afternoon,4.44,33.4
ORD_11272,1.72,8.0,High,Foggy,Morning,4.88,17.3
ORD_11273,8.06,29.4,High,Clear,Afternoon,4.87,60.7
ORD_11274,8.19,26.5,Jam,Foggy,Afternoon,4.97,79.3
ORD_11275,4.87,22.7,Low,Sunny,Night,4.43,35.2
ORD_11276,4.27,31.4,Low,,Afternoon,4.78,41.2
ORD_11277,6.81,14.1,Low,Clear,Afternoon,4.35,32.8
ORD_11278,3.14,31.3,High,Clear,Evening,4.91,46.2
ORD_11279,3.14,14.2,High,Clear,Evening,4.78,28.1
ORD_11280,9.84,21.4,Low,Sunny,Night,4.48,36.1
ORD_11281,2.99,12.4,Low,Clear,Morning,4.59,16.5
ORD_11282,1.81,20.1,Medium,Clear,Morning,4.72,20.5
ORD_11283,4.27,22.3,Medium,Foggy,Afternoon,3.72,44.5
ORD_11284,4.94,19.1,Medium,Cloudy,Morning,3.86,34.6
ORD_11285,8.74,24.3,Medium,Sunny,Evening,4.69,50.4
ORD_11286,4.51,20.6,Low,Cloudy,Night,4.46,31.7
ORD_11287,14.32,16.9,High,Cloudy,Evening,4.0,74.4
ORD_11288,7.02,16.6,High,Clear,Morning,4.44,40.6
ORD_11289,3.88,24.9,High,Cloudy,Morning,4.45,38.9
ORD_11290,8.52,16.1,Medium,Cloudy,Night,4.56,32.1
ORD_11291,14.18,25.5,Medium,Clear,Evening,4.19,116.4
ORD_11292,9.69,27.3,Low,Clear,Night,4.15,45.8
ORD_11293,2.22,10.0,Jam,Sunny,Evening,4.94,29.0
ORD_11294,5.22,26.8,Medium,Cloudy,Night,4.83,38.7
ORD_11295,7.74,32.4,Medium,Clear,Night,4.79,51.9
ORD_11296,9.46,21.5,High,Cloudy,Afternoon,4.75,59.8
ORD_11297,5.95,23.6,Medium,Clear,Evening,4.56,39.4
ORD_11298,5.44,26.2,Jam,Cloudy,Evening,4.36,69.5
ORD_11299,17.01,18.3,Low,Foggy,Afternoon,4.27,54.2
ORD_11300,9.77,21.1,Medium,Rainy,Afternoon,4.52,87.7
ORD_11301,8.54,12.1,Medium,Cloudy,Afternoon,4.65,33.9
ORD_11302,4.64,20.8,Medium,Clear,Morning,4.84,27.5
ORD_11303,3.11,23.0,Medium,Cloudy,Morning,4.23,86.2
ORD_11304,8.63,23.1,High,Cloudy,Evening,3.8,53.4
ORD_11305,10.38,26.4,Low,Cloudy,Night,3.94,48.5
ORD_11306,6.64,15.4,High,Rainy,Evening,4.07,46.3
ORD_11307,9.79,16.8,Medium,Clear,Afternoon,3.88,41.5
ORD_11308,9.93,31.4,High,Cloudy,Afternoon,4.79,73.0
ORD_11309,10.77,19.1,High,Clear,Morning,4.71,59.3
ORD_11310,2.19,21.2,High,Clear,Evening,4.29,26.2
ORD_11311,5.31,19.6,High,Sunny,Evening,4.92,41.1
ORD_11312,8.93,15.1,Medium,Sunny,Afternoon,4.23,36.2
ORD_11313,6.87,29.7,Low,Cloudy,Evening,4.85,48.2
ORD_11314,9.95,16.8,High,,Evening,3.92,58.4
ORD_11315,8.54,13.2,Low,Cloudy,Morning,4.19,34.7
ORD_11316,1.17,17.3,High,Foggy,Afternoon,4.81,26.4
ORD_11317,12.22,8.0,High,Cloudy,Evening,4.31,60.3
ORD_11318,4.9,16.1,Medium,,Evening,4.27,44.5
ORD_11319,3.73,14.2,Medium,,Morning,4.62,28.6
ORD_11320,12.0,23.7,High,Sunny,Afternoon,4.33,66.5
ORD_11321,9.52,16.0,Medium,Sunny,Evening,4.72,35.9
ORD_11322,12.94,25.3,Jam,Cloudy,Afternoon,4.69,108.4
ORD_11323,7.79,28.4,Jam,Cloudy,Evening,4.73,83.7
ORD_11324,5.27,24.7,High,,Morning,4.65,46.5
ORD_11325,7.27,18.7,High,Cloudy,Morning,4.01,48.9
ORD_11326,3.29,20.8,,Rainy,Afternoon,4.31,39.1
ORD_11327,2.53,10.9,Low,Clear,Night,4.53,14.2
ORD_11328,4.41,19.2,Jam,Sunny,Evening,4.51,51.6
ORD_11329,15.09,14.8,Low,Cloudy,Night,4.7,45.1
ORD_11330,4.71,24.2,Low,Clear,Afternoon,4.55,26.9
ORD_11331,1.84,35.4,Medium,Stormy,Evening,4.78,57.6
ORD_11332,6.05,23.0,Medium,Rainy,Night,4.19,47.7
ORD_11333,4.67,8.1,Medium,Clear,Afternoon,4.73,20.5
ORD_11334,12.35,17.8,Low,Sunny,Night,4.02,40.9
ORD_11335,14.5,20.7,Medium,Cloudy,Night,4.68,58.5
ORD_11336,5.12,20.5,Low,Clear,Night,3.8,23.1
ORD_11337,7.79,15.6,,Sunny,Night,4.57,27.7
ORD_11338,8.17,21.5,Medium,Clear,Evening,4.71,39.6
ORD_11339,6.47,12.5,Low,Rainy,Night,4.45,30.9
ORD_11340,5.77,14.3,Low,Rainy,Afternoon,4.45,28.2
ORD_11341,3.56,23.9,High,Clear,Evening,4.76,41.3
ORD_11342,1.61,13.9,High,Rainy,Afternoon,4.45,24.8
ORD_11343,3.55,23.2,High,Foggy,Evening,4.11,40.4
ORD_11344,6.33,11.8,Medium,Sunny,Evening,4.51,90.6
ORD_11345,2.33,30.6,Jam,Clear,Evening,4.27,44.7
ORD_11346,7.55,15.4,Medium,Cloudy,Evening,4.91,36.8
ORD_11347,6.95,18.7,Low,Clear,Afternoon,4.93,31.7
ORD_11348,4.67,22.0,Jam,Sunny,Evening,4.76,52.7
ORD_11349,5.62,16.6,Low,Clear,Morning,4.39,23.0
ORD_11350,2.64,20.9,High,Sunny,Morning,3.93,31.9
ORD_11351,10.66,23.5,Low,,Evening,4.36,45.7
ORD_11352,10.56,25.8,Low,Cloudy,Evening,4.54,47.5
ORD_11353,2.99,24.7,Medium,Clear,Morning,4.37,30.1
ORD_11354,3.05,19.0,Medium,Cloudy,Afternoon,4.85,30.3
ORD_11355,3.58,19.1,Low,Cloudy,Afternoon,4.41,24.7
ORD_11356,9.18,34.1,,Clear,Evening,4.76,65.7
ORD_11357,8.16,25.7,Medium,Cloudy,Evening,4.71,48.9
ORD_11358,11.92,14.5,,Clear,Morning,4.47,60.8
ORD_11359,12.67,20.6,Jam,Cloudy,Evening,4.32,110.3
ORD_11360,2.17,18.0,High,,Afternoon,4.8,19.7
ORD_11361,8.99,19.2,Medium,Sunny,Evening,3.91,121.2
ORD_11362,12.39,12.6,Medium,Clear,Morning,4.03,45.1
ORD_11363,5.39,17.5,Medium,Clear,Night,4.12,31.4
ORD_11364,6.57,30.9,Low,Clear,Morning,4.52,51.1
ORD_11365,5.98,23.5,Medium,Rainy,Evening,4.53,49.7
ORD_11366,6.14,8.0,Jam,Cloudy,Evening,4.4,54.3
ORD_11367,10.64,27.3,Medium,Stormy,Morning,4.59,67.0
ORD_11368,16.66,26.5,Medium,Rainy,Morning,4.3,75.5
ORD_11369,14.05,17.8,Low,Rainy,Afternoon,4.59,46.4
ORD_11370,4.82,24.3,High,Sunny,Evening,4.45,44.7
ORD_11371,7.8,14.8,Low,Clear,Morning,4.78,33.7
ORD_11372,3.95,17.2,Jam,Foggy,Evening,4.66,51.5
ORD_11373,4.23,29.0,Medium,Clear,Evening,4.42,48.4
ORD_11374,6.4,18.4,High,Sunny,Afternoon,4.37,43.2
ORD_11375,4.15,8.8,Medium,Rainy,Morning,4.51,27.0
ORD_11376,4.57,19.6,Medium,Sunny,Night,4.0,29.6
ORD_11377,7.69,19.5,High,Clear,Afternoon,4.81,52.6
ORD_11378,8.92,27.2,Low,Sunny,Morning,4.34,42.9
ORD_11379,8.79,20.1,Medium,Stormy,Evening,4.37,56.2
ORD_11380,8.84,17.5,Jam,Stormy,Afternoon,4.84,86.1
ORD_11381,2.78,26.3,High,Cloudy,Evening,4.83,46.4
ORD_11382,4.01,20.7,High,Rainy,Morning,4.35,43.5
ORD_11383,6.82,15.5,Low,Clear,Night,4.27,27.0
ORD_11384,12.08,26.9,High,,Afternoon,4.78,72.2
ORD_11385,21.72,21.2,Low,Sunny,Night,4.44,59.3
ORD_11386,7.99,20.0,High,Clear,Afternoon,4.6,46.5
ORD_11387,10.07,21.1,Medium,Sunny,Afternoon,4.26,43.3
ORD_11388,2.56,13.6,Low,Clear,Night,4.92,13.0
ORD_11389,9.91,16.8,Medium,Sunny,Afternoon,4.84,33.9
ORD_11390,18.56,20.0,High,Clear,Afternoon,4.76,88.3
ORD_11391,4.0,18.8,Medium,Clear,Morning,4.72,23.7
ORD_11392,4.67,27.6,Low,Rainy,Night,4.79,42.4
ORD_11393,10.83,21.3,Medium,Clear,Morning,4.52,50.8
ORD_11394,6.77,25.1,Medium,Clear,Evening,4.73,41.8
ORD_11395,1.5,20.1,Jam,Clear,Evening,4.61,32.9
ORD_11396,4.85,26.3,High,Rainy,Morning,4.91,104.3
ORD_11397,14.47,22.4,Medium,Sunny,Morning,4.6,62.9
ORD_11398,5.59,20.1,Low,Sunny,Night,4.62,27.2
ORD_11399,5.59,19.9,High,Clear,Evening,4.37,38.9
ORD_11400,10.44,14.3,Low,Sunny,Evening,4.33,33.5
ORD_11401,8.15,23.0,High,Clear,Afternoon,4.86,46.9
ORD_11402,5.4,19.8,Medium,Clear,Afternoon,4.73,33.3
ORD_11403,4.47,17.0,Medium,Sunny,Evening,4.09,21.3
ORD_11404,25.0,26.6,Medium,Rainy,Evening,4.18,157.2
ORD_11405,13.15,12.5,Jam,,Evening,4.73,101.7
ORD_11406,8.83,17.5,High,Cloudy,Afternoon,4.44,48.0
ORD_11407,9.16,26.2,Low,Clear,Night,4.79,38.2
ORD_11408,6.17,21.9,Jam,Clear,Morning,4.62,65.3
ORD_11409,8.1,19.7,Low,Clear,Morning,4.43,31.7
ORD_11410,5.77,21.5,Medium,Foggy,Night,4.39,37.8
ORD_11411,3.76,21.1,High,Clear,Evening,4.69,39.6
ORD_11412,8.28,10.9,High,Sunny,Afternoon,4.58,39.7
ORD_11413,5.47,17.9,High,Clear,Evening,4.32,48.0
ORD_11414,8.53,29.7,High,Sunny,Evening,3.88,68.2
ORD_11415,9.46,16.0,,Sunny,Morning,4.27,43.6
ORD_11416,8.79,18.1,High,Clear,Evening,4.58,48.7
ORD_11417,3.55,16.8,Low,Rainy,Afternoon,4.31,29.5
ORD_11418,5.1,19.5,High,Rainy,Morning,4.33,45.1
ORD_11419,5.53,16.5,High,Clear,Afternoon,4.72,34.6
ORD_11420,11.5,22.9,High,Cloudy,Evening,4.79,67.3
ORD_11421,11.16,21.2,Medium,Sunny,Morning,4.85,48.0
ORD_11422,4.17,24.6,,Cloudy,Night,3.94,25.8
ORD_11423,2.74,13.7,High,Cloudy,Evening,3.63,26.4
ORD_11424,22.29,18.0,High,Clear,Afternoon,4.46,105.7
ORD_11425,8.6,18.6,Jam,Rainy,Evening,4.16,84.0
ORD_11426,2.48,22.7,High,Clear,Evening,4.0,33.0
ORD_11427,4.62,15.2,High,Clear,Evening,4.33,34.7
ORD_11428,11.77,25.5,Medium,Cloudy,Afternoon,4.27,56.0
ORD_11429,19.34,27.1,Low,Clear,Morning,3.62,58.4
ORD_11430,17.59,14.1,Medium,Clear,Night,4.52,56.5
ORD_11431,8.39,17.1,Low,Clear,Afternoon,4.06,34.4
ORD_11432,6.68,16.8,Jam,Rainy,Morning,4.32,70.5
ORD_11433,3.33,35.8,Jam,Clear,Evening,4.85,56.5
ORD_11434,7.02,17.4,Medium,Clear,Morning,4.13,40.3
ORD_11435,3.64,30.1,Low,Clear,Night,3.9,40.4
ORD_11436,5.14,12.4,Low,,Night,4.2,24.7
ORD_11437,10.82,14.1,High,Cloudy,Evening,4.32,60.9
ORD_11438,5.75,15.9,High,Sunny,Evening,4.08,39.3
ORD_11439,5.52,14.9,Low,Cloudy,Evening,4.41,28.9
ORD_11440,6.46,18.4,Jam,Cloudy,Evening,4.43,69.4
ORD_11441,24.11,15.7,High,Sunny,Evening,4.63,101.0
ORD_11442,3.08,15.1,Low,Sunny,Morning,4.46,18.8
ORD_11443,7.88,27.0,Low,Cloudy,Night,4.7,42.3
ORD_11444,16.73,27.3,Low,Sunny,Night,4.47,56.0
ORD_11445,6.45,25.7,Low,Rainy,Night,4.39,41.8
ORD_11446,13.01,23.1,Medium,Foggy,Evening,4.77,67.0
ORD_11447,2.6,20.6,Low,Cloudy,Afternoon,4.75,28.0
ORD_11448,5.87,17.0,,Stormy,Afternoon,4.4,72.2
ORD_11449,3.9,14.3,Low,Sunny,Morning,4.18,19.9
ORD_11450,6.41,22.2,Medium,Clear,Morning,4.36,36.8
ORD_11451,6.49,13.0,Medium,,Afternoon,4.55,29.3
ORD_11452,6.91,14.0,High,Clear,Evening,4.74,42.7
ORD_11453,10.76,26.9,High,Clear,Evening,4.84,74.1
ORD_11454,1.06,31.4,High,Sunny,Afternoon,4.51,35.5
ORD_11455,4.48,22.4,High,Clear,Evening,4.28,46.6
ORD_11456,7.57,26.6,Medium,Clear,Afternoon,4.52,46.4
ORD_11457,1.57,18.5,High,Sunny,Evening,4.52,25.7
ORD_11458,9.53,12.0,Medium,Clear,Night,4.73,31.0
ORD_11459,4.43,23.7,Medium,Clear,Evening,4.55,39.1
ORD_11460,5.94,23.4,Medium,Cloudy,Morning,4.37,38.9
ORD_11461,11.04,20.4,Medium,Sunny,Evening,3.96,50.7
ORD_11462,13.34,18.5,Jam,Rainy,Evening,4.73,173.8
ORD_11463,9.7,25.8,High,Rainy,Evening,4.36,71.5
ORD_11464,3.02,14.1,Low,Cloudy,Night,4.64,20.8
ORD_11465,9.42,15.4,Medium,Sunny,Morning,4.43,37.9
ORD_11466,9.78,14.0,High,Cloudy,Afternoon,4.3,49.4
ORD_11467,8.71,20.5,Medium,Clear,Afternoon,4.0,42.5
ORD_11468,14.55,13.5,High,Cloudy,Evening,4.47,73.0
ORD_11469,7.01,15.9,Medium,Sunny,Evening,4.53,35.3
ORD_11470,14.24,15.8,Low,Cloudy,Morning,4.85,49.0
ORD_11471,14.19,18.4,Medium,Cloudy,Afternoon,4.2,55.3
ORD_11472,9.94,11.1,Low,Sunny,Evening,4.66,33.0
ORD_11473,7.95,20.5,High,Cloudy,Night,4.64,52.2
ORD_11474,8.74,27.5,High,Clear,Afternoon,4.28,60.9
ORD_11475,16.29,20.8,Low,Sunny,Morning,3.98,49.5
ORD_11476,12.07,29.2,Low,Sunny,Evening,4.0,52.4
ORD_11477,3.28,28.0,Medium,Sunny,Afternoon,4.17,32.5
ORD_11478,8.43,24.7,High,Sunny,Evening,4.78,53.8
ORD_11479,3.77,20.4,High,Clear,Evening,4.72,36.9
ORD_11480,4.34,20.1,High,Clear,Evening,3.95,43.2
ORD_11481,5.27,24.6,High,Cloudy,Night,4.64,45.7
ORD_11482,2.42,17.6,,Sunny,Afternoon,4.62,23.0
ORD_11483,3.61,8.7,High,Clear,Evening,4.25,21.7
ORD_11484,14.99,23.0,High,Clear,Night,4.73,78.2
ORD_11485,4.33,13.2,Low,Sunny,Afternoon,4.31,22.3
ORD_11486,10.8,14.2,Medium,Rainy,Morning,3.97,54.3
ORD_11487,7.39,20.0,Medium,Clear,Evening,4.52,41.4
ORD_11488,9.19,19.4,High,Sunny,Evening,4.11,61.9
ORD_11489,9.41,11.5,Medium,Rainy,Afternoon,4.61,41.2
ORD_11490,3.5,21.0,High,Clear,Afternoon,4.82,33.8
ORD_11491,10.76,25.8,Jam,Clear,Evening,4.51,103.0
ORD_11492,2.79,13.2,High,Foggy,Morning,3.95,30.5
ORD_11493,4.21,27.6,High,Clear,Evening,4.79,40.3
ORD_11494,9.34,10.6,Jam,Cloudy,Evening,3.9,74.6
ORD_11495,3.34,32.7,Medium,Sunny,Night,4.82,46.4
ORD_11496,1.44,17.5,High,Clear,Evening,4.31,73.0
ORD_11497,8.2,20.9,Low,Clear,Evening,4.51,40.3
ORD_11498,2.1,8.6,High,Sunny,Evening,3.88,16.5
ORD_11499,9.84,19.6,High,Cloudy,Afternoon,4.39,58.2
ORD_11500,5.51,21.4,,Clear,Evening,4.74,40.7
ORD_11501,8.13,19.5,High,Cloudy,Evening,4.35,48.2
ORD_11502,8.04,16.6,Jam,Sunny,Evening,4.56,72.7
ORD_11503,10.26,14.3,Medium,Sunny,Evening,4.73,42.1
ORD_11504,9.49,26.8,,Cloudy,Evening,4.73,54.5
ORD_11505,3.32,20.2,High,Clear,Morning,4.75,38.5
ORD_11506,5.72,29.2,Low,Sunny,Night,4.78,36.6
ORD_11507,8.12,16.8,Jam,Sunny,Afternoon,4.25,69.0
ORD_11508,14.38,17.4,Medium,Sunny,Night,4.71,50.4
ORD_11509,9.54,24.9,Medium,Sunny,Afternoon,4.9,54.1
ORD_11510,13.7,10.3,,Cloudy,Morning,4.24,38.5
ORD_11511,8.37,12.7,Low,Cloudy,Night,4.38,29.9
ORD_11512,12.19,26.6,High,Cloudy,Evening,4.44,69.0
ORD_11513,7.74,13.0,,Rainy,Evening,4.43,51.5
ORD_11514,11.91,9.1,Medium,Stormy,Morning,4.37,52.6
ORD_11515,5.33,31.2,,Sunny,Night,4.51,42.8
ORD_11516,15.3,11.6,High,Clear,Evening,4.48,70.0
ORD_11517,8.92,21.1,High,Cloudy,Evening,4.17,54.8
ORD_11518,2.43,20.4,High,Clear,Night,4.73,88.1
ORD_11519,8.28,8.0,High,Sunny,Evening,4.05,46.5
ORD_11520,9.56,18.4,High,Sunny,Morning,4.59,54.4
ORD_11521,10.97,22.7,Medium,Stormy,Evening,4.28,115.4
ORD_11522,18.25,22.1,High,Stormy,Evening,4.55,102.9
ORD_11523,4.81,25.4,Low,Rainy,Night,4.44,40.4
ORD_11524,18.32,17.7,Jam,Sunny,Afternoon,4.56,135.5
ORD_11525,6.68,24.3,High,Sunny,Evening,4.74,51.6
ORD_11526,4.07,15.9,Medium,Clear,Evening,4.53,31.8
ORD_11527,4.88,11.5,Medium,Rainy,Morning,4.27,77.1
ORD_11528,9.24,12.2,Low,Cloudy,Morning,4.01,29.1
ORD_11529,3.68,11.2,Medium,Cloudy,Evening,4.31,24.8
ORD_11530,5.39,26.1,High,Clear,Evening,4.86,49.8
ORD_11531,8.16,10.9,Jam,Sunny,Evening,4.46,65.2
ORD_11532,15.24,21.6,Medium,Sunny,Evening,4.02,59.4
ORD_11533,10.8,18.4,Medium,Clear,Evening,4.55,47.0
ORD_11534,6.85,19.4,,Sunny,Evening,4.57,71.6
ORD_11535,9.21,28.2,Medium,Clear,Morning,4.7,47.9
ORD_11536,7.7,17.4,Jam,Foggy,Morning,4.75,71.9
ORD_11537,2.99,23.7,Medium,Cloudy,Evening,3.98,32.1
ORD_11538,16.71,20.2,High,Cloudy,Evening,4.47,84.2
ORD_11539,15.37,19.1,Low,Clear,Evening,3.92,50.7
ORD_11540,6.37,33.8,Jam,,Evening,4.46,77.9
ORD_11541,4.99,11.4,Jam,Clear,Evening,4.46,38.5
ORD_11542,3.03,27.7,High,Sunny,Morning,4.53,78.3
ORD_11543,9.55,23.9,Medium,Rainy,Evening,4.6,61.9
ORD_11544,9.58,17.1,Jam,Clear,Evening,4.65,83.1
ORD_11545,3.89,29.8,Jam,Clear,Evening,4.8,56.4
ORD_11546,7.75,8.9,High,Clear,Evening,4.62,38.0
ORD_11547,10.61,16.9,High,Cloudy,Evening,4.56,57.3
ORD_11548,4.77,12.7,Jam,Rainy,Afternoon,4.51,50.8
ORD_11549,5.9,22.5,Medium,Cloudy,Afternoon,4.65,100.2
ORD_11550,5.86,13.3,Low,Sunny,Afternoon,4.5,28.5
ORD_11551,4.06,22.6,Jam,Clear,Evening,4.69,49.1
ORD_11552,5.97,18.9,Medium,Cloudy,Afternoon,4.43,38.4
ORD_11553,2.13,17.1,Jam,Clear,Morning,4.81,34.5
ORD_11554,5.67,22.3,Low,Clear,Night,4.31,30.1
ORD_11555,5.73,18.4,Low,Clear,Evening,4.41,29.1
ORD_11556,6.42,13.5,Medium,Sunny,Morning,4.47,25.3
ORD_11557,8.82,36.8,High,Clear,Evening,4.21,72.6
ORD_11558,2.86,17.1,Low,Cloudy,Evening,4.0,26.1
ORD_11559,3.25,8.0,High,Clear,Evening,4.02,26.4
ORD_11560,3.99,14.9,,Rainy,Evening,4.64,34.7
ORD_11561,2.65,12.4,Medium,Rainy,Morning,4.08,20.9
ORD_11562,9.4,25.0,Jam,Sunny,Afternoon,4.8,85.9
ORD_11563,4.64,21.9,Medium,Clear,Morning,4.52,34.4
ORD_11564,6.54,22.4,High,Sunny,Afternoon,4.59,45.1
ORD_11565,3.77,17.8,High,Rainy,Evening,4.69,43.2
ORD_11566,5.3,18.3,Medium,Clear,Afternoon,4.56,28.7
ORD_11567,7.97,17.8,High,Rainy,Evening,4.69,59.4
ORD_11568,8.2,19.5,High,Cloudy,Evening,4.64,51.8
ORD_11569,3.35,25.0,High,Stormy,Afternoon,4.72,49.1
ORD_11570,6.34,22.0,Medium,Rainy,Morning,3.97,98.5
ORD_11571,3.81,23.0,Jam,Clear,Afternoon,4.76,42.9
ORD_11572,6.2,23.0,High,Sunny,Afternoon,4.15,46.2
ORD_11573,4.39,25.3,Medium,Clear,Evening,4.6,39.1
ORD_11574,17.3,21.7,High,Clear,Evening,4.56,86.6
ORD_11575,10.57,22.2,Jam,Cloudy,Evening,4.57,97.4
ORD_11576,8.41,27.1,Jam,Foggy,Evening,4.63,92.1
ORD_11577,5.59,16.0,,Stormy,Afternoon,4.28,44.3
ORD_11578,10.75,14.9,,Clear,Evening,4.7,57.4
ORD_11579,6.46,12.9,High,,Evening,4.5,40.7
ORD_11580,16.32,21.1,Low,Sunny,Morning,3.86,50.7
ORD_11581,11.35,8.9,High,Clear,Night,4.67,47.2
ORD_11582,5.28,22.8,High,Clear,Morning,4.68,43.6
ORD_11583,15.3,19.3,High,Rainy,Evening,4.2,85.2
ORD_11584,5.61,26.8,Low,Rainy,Evening,4.53,46.1
ORD_11585,17.85,16.0,,Rainy,Evening,4.46,136.5
ORD_11586,15.75,18.8,Low,Sunny,Night,4.66,48.0
ORD_11587,7.95,26.7,Low,Sunny,Night,4.63,43.3
ORD_11588,2.19,28.3,Medium,Cloudy,Evening,4.39,91.0
ORD_11589,7.59,15.9,Medium,Clear,Evening,4.7,38.8
ORD_11590,3.12,21.1,Medium,Rainy,Morning,4.0,39.7
ORD_11591,4.48,21.8,Medium,Clear,Evening,4.22,35.0
ORD_11592,4.7,22.2,Low,Rainy,Night,4.1,34.1
ORD_11593,3.1,18.4,Jam,Cloudy,Evening,4.47,44.2
ORD_11594,7.61,27.7,Jam,Clear,Morning,4.65,81.3
ORD_11595,4.14,8.7,Low,Cloudy,Afternoon,4.46,13.8
ORD_11596,5.77,17.5,Medium,Clear,Afternoon,4.86,32.4
ORD_11597,4.72,22.7,Medium,Sunny,Afternoon,4.2,35.0
ORD_11598,8.84,22.7,Medium,Cloudy,Afternoon,4.67,44.6
ORD_11599,8.48,28.1,Medium,Cloudy,Afternoon,4.5,49.0
ORD_11600,5.49,27.2,Medium,Stormy,Afternoon,4.52,54.7
ORD_11601,9.1,18.3,High,Clear,Morning,4.98,49.5
ORD_11602,13.05,27.8,High,Sunny,Night,4.26,84.3
ORD_11603,1.26,15.7,Jam,Rainy,Evening,4.67,28.8
ORD_11604,4.55,25.6,High,Sunny,Evening,3.96,38.1
ORD_11605,3.53,30.9,High,Rainy,Evening,4.47,54.1
ORD_11606,4.3,27.3,,Sunny,Afternoon,4.44,37.4
ORD_11607,1.07,20.6,High,Rainy,Evening,3.81,36.6
ORD_11608,1.22,18.0,Medium,Rainy,Night,4.65,17.2
ORD_11609,1.0,10.8,High,Rainy,Morning,4.48,16.1
ORD_11610,4.83,21.9,Low,Rainy,Morning,4.8,36.0
ORD_11611,4.74,13.3,Medium,Clear,Evening,4.72,29.3
ORD_11612,14.09,15.2,Jam,Sunny,Afternoon,4.86,102.0
ORD_11613,7.26,12.9,Low,Clear,Night,4.1,26.7
ORD_11614,8.96,17.2,Medium,Clear,Evening,4.11,41.6
ORD_11615,25.0,19.8,Medium,Sunny,Afternoon,4.51,81.8
ORD_11616,1.26,21.6,Medium,Foggy,Afternoon,4.46,28.8
ORD_11617,16.48,16.4,Low,Sunny,Evening,4.78,48.7
ORD_11618,6.48,26.4,Low,Rainy,Morning,4.42,45.6
ORD_11619,5.08,18.8,Medium,Foggy,Night,4.69,37.4
ORD_11620,4.6,15.3,Low,Clear,Morning,4.47,71.0
ORD_11621,8.1,21.4,Medium,Clear,Night,4.35,43.0
ORD_11622,5.11,31.8,Low,Clear,Morning,4.88,39.3
ORD_11623,3.04,22.0,Low,Cloudy,Evening,4.53,34.5
ORD_11624,4.71,17.8,High,Clear,Morning,4.77,34.2
ORD_11625,8.24,10.8,High,Rainy,Afternoon,4.74,46.5
ORD_11626,9.88,18.7,High,Clear,Evening,4.16,53.1
ORD_11627,17.42,21.4,Low,Clear,Morning,4.34,51.7
ORD_11628,7.08,17.7,Medium,Sunny,Afternoon,4.74,31.8
ORD_11629,13.48,10.0,High,Sunny,Afternoon,4.78,53.6
ORD_11630,5.9,14.9,Medium,Rainy,Evening,4.96,35.1
ORD_11631,6.41,28.7,Jam,Foggy,Evening,4.87,79.8
ORD_11632,6.2,28.6,High,Rainy,Evening,4.53,63.2
ORD_11633,7.58,14.7,High,Clear,Morning,4.03,39.0
ORD_11634,10.88,24.0,Medium,Cloudy,Morning,4.19,58.3
ORD_11635,4.97,12.9,Medium,Sunny,Afternoon,4.88,26.1
ORD_11636,3.66,28.4,Low,Clear,Night,4.61,39.3
ORD_11637,11.38,21.5,Medium,Sunny,Night,4.9,50.5
ORD_11638,10.92,25.7,Jam,Sunny,Evening,4.21,106.8
ORD_11639,14.67,9.7,Low,Clear,Night,4.49,36.5
ORD_11640,4.49,24.1,High,Clear,Evening,4.26,41.1
ORD_11641,5.77,20.0,Medium,Stormy,Afternoon,4.26,48.7
ORD_11642,11.62,25.1,Medium,Cloudy,Morning,3.62,50.7
ORD_11643,4.94,25.5,Low,Clear,Afternoon,4.25,33.8
ORD_11644,9.64,20.4,Jam,Foggy,Afternoon,4.79,88.0
ORD_11645,5.92,16.4,High,Foggy,Evening,4.54,48.4
ORD_11646,8.08,24.7,Jam,Rainy,Evening,4.63,87.9
ORD_11647,2.99,19.6,Jam,Cloudy,Evening,4.34,42.0
ORD_11648,7.02,14.8,Low,Sunny,Morning,4.62,23.5
ORD_11649,1.0,14.5,Medium,Sunny,Evening,4.58,16.6
ORD_11650,12.9,11.1,High,Sunny,Afternoon,4.75,57.3
ORD_11651,10.37,16.9,High,Foggy,Evening,4.11,61.5
ORD_11652,3.49,26.6,Low,Cloudy,Night,4.55,24.7
ORD_11653,16.65,21.1,Jam,Clear,Afternoon,4.36,131.3
ORD_11654,12.46,16.8,Medium,Cloudy,Afternoon,4.53,47.0
ORD_11655,3.09,24.8,Medium,Sunny,Evening,4.77,32.5
ORD_11656,4.73,15.0,Low,Rainy,Night,4.57,29.2
ORD_11657,3.22,20.6,High,Clear,Morning,4.66,31.0
ORD_11658,8.21,18.9,Medium,Cloudy,Evening,4.88,45.4
ORD_11659,4.6,24.7,Low,Clear,Night,4.48,29.2
ORD_11660,1.51,10.5,Medium,Clear,Afternoon,4.85,12.0
ORD_11661,6.39,14.9,High,Cloudy,Afternoon,4.74,36.6
ORD_11662,11.12,10.2,High,Clear,Evening,3.64,56.2
ORD_11663,7.11,18.4,Medium,Cloudy,Afternoon,4.78,36.6
ORD_11664,9.14,27.3,,Clear,Afternoon,4.29,59.3
ORD_11665,7.52,17.0,Low,Stormy,Night,4.49,43.1
ORD_11666,10.13,16.9,High,Rainy,Evening,4.52,65.0
ORD_11667,7.92,25.2,Jam,Clear,Morning,4.16,80.5
ORD_11668,6.18,26.4,Medium,Cloudy,Afternoon,4.59,41.8
ORD_11669,7.06,19.5,Jam,Clear,Evening,4.64,65.9
ORD_11670,14.97,24.1,High,Cloudy,Evening,4.18,82.0
ORD_11671,9.44,13.5,Medium,Clear,Evening,4.39,40.1
ORD_11672,3.49,28.3,High,Clear,Evening,4.37,45.8
ORD_11673,6.99,32.9,Medium,Stormy,Evening,4.72,66.4
ORD_11674,8.13,23.1,Low,Clear,Night,4.77,34.6
ORD_11675,6.05,8.0,Medium,Sunny,Night,4.76,18.9
ORD_11676,1.52,16.7,High,Clear,Morning,4.81,24.2
ORD_11677,3.73,23.7,Medium,Cloudy,Afternoon,4.76,29.3
ORD_11678,5.12,17.5,High,Clear,Afternoon,4.53,34.2
ORD_11679,17.72,27.6,High,Clear,Morning,3.51,155.3
ORD_11680,8.85,23.5,Low,Clear,Afternoon,4.36,42.9
ORD_11681,2.13,15.8,High,Clear,Afternoon,4.73,22.9
ORD_11682,6.29,20.2,Low,Foggy,Morning,4.35,35.8
ORD_11683,13.68,14.6,Low,Foggy,Morning,3.92,45.7
ORD_11684,4.56,18.9,Jam,Rainy,Morning,4.39,56.8
ORD_11685,11.87,16.7,Medium,Clear,Morning,4.58,52.5
ORD_11686,2.19,27.0,High,Clear,Evening,4.77,39.7
ORD_11687,1.0,32.7,Medium,Cloudy,Afternoon,4.79,37.8
ORD_11688,12.87,11.4,Low,,Night,4.62,46.8
ORD_11689,4.95,8.5,Medium,Cloudy,Morning,4.86,20.2
ORD_11690,1.58,18.5,Low,,Night,4.58,18.7
ORD_11691,5.2,10.9,Low,Rainy,Morning,4.84,30.0
ORD_11692,7.47,20.3,Jam,Clear,Evening,4.25,77.5
ORD_11693,8.67,24.5,Jam,Rainy,Afternoon,4.62,85.5
ORD_11694,1.0,29.0,High,Stormy,Evening,4.53,80.3
ORD_11695,4.32,21.2,Low,Foggy,Morning,4.61,33.3
ORD_11696,6.91,18.8,Low,Clear,Night,4.27,33.4
ORD_11697,8.66,8.1,High,Sunny,Morning,4.67,38.5
ORD_11698,3.46,20.2,Low,Sunny,Afternoon,4.88,26.3
ORD_11699,5.86,20.4,,Clear,Evening,4.5,33.7
ORD_11700,4.55,23.8,Jam,Sunny,Evening,4.52,55.2
ORD_11701,7.62,15.7,Low,Cloudy,Night,4.76,26.6
ORD_11702,12.61,17.4,Low,Clear,Afternoon,4.67,39.2
ORD_11703,5.39,11.1,Medium,Clear,Evening,4.51,27.2
ORD_11704,2.49,8.0,,Clear,Evening,4.22,29.2
ORD_11705,4.17,13.3,High,Foggy,Evening,4.52,34.6
ORD_11706,16.55,10.6,Medium,Rainy,Evening,4.01,58.5
ORD_11707,3.74,22.0,High,Cloudy,Morning,4.34,33.3
ORD_11708,2.86,16.9,High,Clear,Afternoon,4.7,29.5
ORD_11709,5.18,16.8,Low,Cloudy,Evening,4.91,26.7
ORD_11710,6.29,14.1,High,Clear,Evening,4.78,40.7
ORD_11711,4.73,8.0,Low,Cloudy,Night,4.15,12.3
ORD_11712,2.2,29.0,High,Cloudy,Evening,4.1,46.3
ORD_11713,8.07,14.0,Low,Rainy,Night,4.85,41.8
ORD_11714,7.63,17.5,Medium,Clear,Morning,4.57,37.4
ORD_11715,9.91,11.3,High,Clear,Afternoon,4.59,46.4
ORD_11716,7.53,25.8,Medium,Foggy,Morning,4.65,53.6
ORD_11717,15.79,20.9,Low,Foggy,Night,4.19,52.6
ORD_11718,10.36,15.0,Low,Sunny,Afternoon,4.55,33.5
ORD_11719,9.19,17.6,Jam,Clear,Afternoon,4.49,69.6
ORD_11720,12.87,30.1,Medium,Sunny,Afternoon,4.82,60.4
ORD_11721,7.26,19.6,Medium,Sunny,Morning,4.43,41.4
ORD_11722,5.94,18.9,Low,Rainy,Afternoon,4.48,34.7
ORD_11723,8.01,14.4,Medium,,Morning,4.3,35.0
ORD_11724,1.45,8.6,Low,Clear,Afternoon,4.87,12.0
ORD_11725,7.27,19.0,Low,Cloudy,Night,4.64,37.7
ORD_11726,6.29,22.0,High,Clear,Evening,4.38,48.5
ORD_11727,8.53,26.6,Medium,Clear,Evening,4.1,50.8
ORD_11728,11.89,8.0,High,Sunny,Evening,4.18,54.0
ORD_11729,9.34,13.2,Medium,Clear,Evening,4.21,42.2
ORD_11730,4.18,16.5,Low,Rainy,Night,4.48,27.0
ORD_11731,10.8,20.0,Medium,Sunny,Night,4.7,48.4
ORD_11732,15.92,19.1,Low,Sunny,Morning,4.79,48.0
ORD_11733,12.06,19.3,Low,Sunny,Night,4.24,43.9
ORD_11734,2.66,22.4,Medium,Stormy,Afternoon,4.65,40.6
ORD_11735,9.29,14.6,Low,Foggy,Afternoon,4.94,37.6
ORD_11736,2.96,25.6,,Rainy,Afternoon,4.21,39.3
ORD_11737,5.58,22.6,Medium,Sunny,Evening,4.66,38.1
ORD_11738,8.38,18.1,Low,Clear,Evening,4.29,40.3
ORD_11739,7.75,29.6,High,Sunny,Morning,4.38,62.8
ORD_11740,11.93,29.3,Low,Sunny,Evening,4.27,52.2
ORD_11741,15.97,25.6,High,Clear,Afternoon,4.14,83.1
ORD_11742,8.88,8.0,High,Clear,Morning,4.61,40.4
ORD_11743,5.31,29.5,Low,Sunny,Afternoon,4.86,36.8
ORD_11744,1.52,24.8,Low,Cloudy,Evening,4.13,35.0
ORD_11745,13.63,32.0,Low,Cloudy,Morning,4.05,61.0
ORD_11746,6.31,27.4,Medium,Cloudy,Morning,4.77,41.4
ORD_11747,6.51,29.5,,Sunny,Night,4.22,41.8
ORD_11748,6.84,25.3,Medium,Clear,Night,4.7,113.3
ORD_11749,8.64,28.1,Medium,Sunny,Morning,4.73,51.8
ORD_11750,8.79,32.0,Medium,Stormy,Evening,4.7,74.3
ORD_11751,5.63,21.3,High,Clear,Afternoon,4.6,41.7
ORD_11752,6.27,10.6,Medium,Sunny,Evening,4.58,27.7
ORD_11753,4.5,18.2,Jam,Clear,Evening,4.24,50.0
ORD_11754,4.17,22.3,,Clear,Morning,4.9,29.7
ORD_11755,4.16,20.4,Medium,Sunny,Afternoon,4.1,30.4
ORD_11756,6.23,12.5,High,Cloudy,Morning,4.62,35.7
ORD_11757,3.64,10.2,High,Sunny,Evening,4.45,24.7
ORD_11758,1.0,15.6,Medium,Clear,Night,3.98,18.9
ORD_11759,5.25,24.8,Low,,Night,4.7,27.9
ORD_11760,2.78,29.5,High,Clear,Night,4.88,31.4
ORD_11761,7.12,25.5,High,Clear,Night,4.89,46.6
ORD_11762,4.48,26.3,Medium,Clear,Morning,4.55,39.8
ORD_11763,8.71,19.5,Medium,Rainy,Evening,4.58,51.2
ORD_11764,2.98,9.5,High,Clear,Afternoon,4.19,23.1
ORD_11765,1.77,17.3,High,Clear,Night,4.67,16.6
ORD_11766,6.28,18.4,High,Sunny,Evening,4.37,45.7
ORD_11767,5.11,17.0,Jam,Cloudy,Afternoon,4.68,46.9
ORD_11768,2.61,20.3,Medium,Rainy,Evening,4.69,32.2
ORD_11769,10.36,22.6,Jam,Cloudy,Afternoon,4.72,87.8
ORD_11770,3.36,25.1,Low,Cloudy,Afternoon,4.72,97.6
ORD_11771,4.04,18.3,Low,,Night,4.24,32.3
ORD_11772,11.49,8.6,Low,Foggy,Night,4.21,35.3
ORD_11773,9.0,17.1,Medium,Sunny,Morning,4.84,84.0
ORD_11774,3.1,20.3,Medium,Clear,Afternoon,4.11,23.1
ORD_11775,5.41,27.3,High,Cloudy,Morning,4.68,49.0
ORD_11776,2.88,16.6,High,Cloudy,Night,4.31,27.8
ORD_11777,11.02,23.1,Medium,Clear,Night,4.55,46.6
ORD_11778,11.02,21.7,Medium,Foggy,Evening,4.79,60.7
ORD_11779,17.27,20.3,Low,Sunny,Evening,4.88,51.3
ORD_11780,20.99,25.6,High,Sunny,Evening,4.86,108.4
ORD_11781,4.45,16.0,High,Sunny,Afternoon,4.53,34.1
ORD_11782,10.02,16.5,Low,Clear,Night,4.69,40.1
ORD_11783,1.56,19.9,High,Foggy,Evening,4.72,39.6
ORD_11784,7.45,16.2,Medium,Cloudy,Morning,4.95,37.5
ORD_11785,8.56,23.0,High,Sunny,Afternoon,4.49,54.2
ORD_11786,3.49,15.7,High,Cloudy,Evening,4.58,33.2
ORD_11787,4.27,21.4,High,Rainy,Afternoon,4.75,44.8
ORD_11788,11.06,19.4,Medium,Cloudy,Evening,4.62,44.7
ORD_11789,8.68,21.3,Low,Clear,Night,4.5,31.1
ORD_11790,16.05,17.2,Jam,Cloudy,Evening,4.59,130.4
ORD_11791,15.02,18.0,Medium,Sunny,Evening,4.16,62.3
ORD_11792,1.93,20.6,Jam,Foggy,Evening,4.68,44.6
ORD_11793,4.75,21.2,Low,,Afternoon,4.45,30.1
ORD_11794,3.23,20.0,High,Clear,Evening,4.03,36.0
ORD_11795,10.26,30.2,Medium,Clear,Afternoon,4.74,53.0
ORD_11796,7.89,14.1,Jam,Sunny,Night,4.08,71.1
ORD_11797,3.39,19.6,Jam,Cloudy,Night,4.26,41.0
ORD_11798,3.77,10.6,Low,Clear,Morning,4.87,14.6
ORD_11799,13.18,22.2,Medium,Cloudy,Evening,4.59,58.0
ORD_11800,5.1,13.3,High,Rainy,Evening,4.72,39.8
ORD_11801,1.34,18.3,High,Clear,Night,4.8,20.5
ORD_11802,3.18,17.8,,Cloudy,Evening,4.85,35.2
ORD_11803,17.91,21.7,Jam,Clear,Evening,4.46,143.6
ORD_11804,11.68,16.7,Low,Clear,Evening,4.62,38.6
ORD_11805,2.74,16.4,Medium,Clear,Morning,4.59,21.1
ORD_11806,7.45,28.6,High,Cloudy,Morning,4.84,55.7
ORD_11807,11.28,21.7,Low,Stormy,Morning,4.47,51.1
ORD_11808,1.91,16.6,High,Cloudy,Afternoon,4.59,26.8
ORD_11809,11.99,18.5,Jam,Clear,Afternoon,4.74,98.8
ORD_11810,8.64,29.9,Jam,Clear,Evening,4.54,94.1
ORD_11811,4.1,18.6,Medium,Cloudy,Evening,4.33,33.8
ORD_11812,9.45,15.9,Low,Clear,Night,4.44,27.2
ORD_11813,7.96,15.9,Medium,,Afternoon,4.6,42.1
ORD_11814,8.28,16.7,Low,Clear,Night,4.62,30.5
ORD_11815,7.29,16.4,Jam,Clear,Evening,4.74,68.7
ORD_11816,3.68,12.3,Medium,Clear,Evening,4.27,29.4
ORD_11817,4.16,13.3,High,Cloudy,Evening,4.56,28.6
ORD_11818,5.74,15.0,Medium,Clear,Evening,4.81,32.4
ORD_11819,6.86,23.5,Medium,Clear,Morning,4.77,39.6
ORD_11820,9.77,17.7,Low,Sunny,Evening,3.86,47.0
ORD_11821,18.15,18.8,Medium,Sunny,Evening,4.58,68.7
ORD_11822,7.66,27.6,Low,Foggy,Night,4.24,44.7
ORD_11823,9.67,27.8,Medium,Clear,Night,4.29,54.5
ORD_11824,10.95,18.3,High,Clear,Evening,4.35,60.9
ORD_11825,10.07,16.2,Low,Sunny,Evening,4.52,39.1
ORD_11826,3.58,14.8,Low,Clear,Night,4.94,17.5
ORD_11827,13.87,24.2,Medium,Sunny,Night,4.57,57.0
ORD_11828,12.68,18.8,Jam,Clear,Evening,4.49,109.2
ORD_11829,7.23,17.7,Medium,Rainy,Evening,3.96,44.8
ORD_11830,3.73,15.1,Low,Clear,Morning,4.37,13.2
ORD_11831,6.79,15.4,Low,Cloudy,Evening,4.81,28.7
ORD_11832,2.11,21.9,Medium,Foggy,Afternoon,4.16,36.3
ORD_11833,14.88,12.1,Low,Foggy,Evening,4.31,52.1
ORD_11834,4.42,26.0,Medium,Sunny,Afternoon,4.06,34.8
ORD_11835,5.56,16.8,,Stormy,Afternoon,4.17,62.7
ORD_11836,14.3,19.1,Low,,Afternoon,4.44,45.1
ORD_11837,13.36,12.0,Medium,Clear,Night,4.37,46.6
ORD_11838,8.14,19.9,High,Rainy,Evening,4.88,58.0
ORD_11839,16.12,18.0,Jam,Sunny,Evening,3.82,122.9
ORD_11840,3.5,19.7,High,Clear,Evening,4.8,35.9
ORD_11841,8.15,28.8,High,Rainy,Night,4.1,68.3
ORD_11842,3.52,21.1,High,Cloudy,Afternoon,4.75,39.0
ORD_11843,12.25,15.2,Jam,Rainy,Evening,4.49,99.7
ORD_11844,12.01,15.7,High,Rainy,Evening,4.39,73.4
ORD_11845,16.75,23.6,,Clear,Night,4.23,54.1
ORD_11846,6.67,27.8,Jam,Clear,Afternoon,4.9,68.5
ORD_11847,19.32,21.7,Medium,Cloudy,Night,4.73,64.1
ORD_11848,3.32,24.1,Low,Sunny,Afternoon,4.61,23.5
ORD_11849,6.45,23.7,High,Clear,Morning,4.76,45.1
ORD_11850,3.41,28.5,Medium,Clear,Morning,3.7,36.2
ORD_11851,7.5,8.3,Medium,Clear,Afternoon,4.89,25.0
ORD_11852,3.62,24.0,High,Sunny,Evening,4.91,43.2
ORD_11853,12.26,25.9,High,Clear,Evening,4.48,73.7
ORD_11854,8.8,12.0,Medium,Clear,Afternoon,4.23,28.9
ORD_11855,3.13,14.7,Medium,Sunny,Evening,4.22,22.0
ORD_11856,10.69,14.9,Jam,Clear,Evening,4.93,88.3
ORD_11857,15.49,15.6,Jam,Clear,Evening,4.09,119.4
ORD_11858,9.3,17.1,Low,Foggy,Evening,4.52,41.1
ORD_11859,2.5,21.5,Low,Cloudy,Night,3.92,30.3
ORD_11860,6.08,25.2,Low,Clear,Evening,4.87,39.8
ORD_11861,9.98,26.5,High,,Morning,3.91,70.5
ORD_11862,5.72,15.0,High,Clear,Afternoon,4.81,31.9
ORD_11863,3.29,14.9,Medium,Sunny,Afternoon,4.18,28.7
ORD_11864,13.05,27.9,Jam,Sunny,Evening,4.62,114.6
ORD_11865,5.57,23.9,Medium,Cloudy,Night,4.52,44.5
ORD_11866,15.5,20.5,High,Sunny,Evening,4.28,85.9
ORD_11867,4.76,22.8,Medium,Clear,Afternoon,4.66,33.1
ORD_11868,5.37,19.8,Medium,Cloudy,Evening,4.56,32.9
ORD_11869,4.52,23.1,,Cloudy,Evening,4.26,38.5
ORD_11870,6.01,18.0,Low,Sunny,Night,4.64,30.9
ORD_11871,8.72,21.6,Low,Cloudy,Morning,4.02,39.3
ORD_11872,3.41,10.9,Medium,Sunny,Evening,4.28,17.9
ORD_11873,2.98,15.9,Low,,Night,4.64,24.5
ORD_11874,1.88,15.9,Medium,Sunny,Night,4.8,19.2
ORD_11875,1.7,17.8,Jam,Clear,Afternoon,4.79,29.0
ORD_11876,2.52,14.4,High,Rainy,Morning,4.67,30.8
ORD_11877,4.74,16.8,High,Rainy,Evening,4.8,41.6
ORD_11878,7.42,10.9,Medium,Foggy,Night,4.95,31.2
ORD_11879,8.44,23.3,Medium,Sunny,Afternoon,4.38,42.3
ORD_11880,7.22,19.5,Low,Cloudy,Night,4.64,32.7
ORD_11881,14.52,9.8,Medium,Rainy,Afternoon,4.5,52.9
ORD_11882,17.1,15.0,Low,Clear,Evening,4.44,48.5
ORD_11883,5.59,22.0,High,Foggy,Evening,4.76,46.9
ORD_11884,3.45,16.7,Medium,Clear,Afternoon,4.88,27.3
ORD_11885,19.99,15.8,High,Clear,Afternoon,4.59,90.5
ORD_11886,12.8,19.6,Medium,Clear,Evening,4.43,55.9
ORD_11887,12.28,22.1,Medium,Sunny,Evening,4.32,52.9
ORD_11888,4.62,11.4,Jam,Clear,Morning,4.56,41.8
ORD_11889,10.84,23.3,Medium,Clear,Evening,4.86,49.4
ORD_11890,7.25,15.2,High,Cloudy,Evening,4.13,50.9
ORD_11891,6.37,19.9,Low,Sunny,Evening,4.35,30.9
ORD_11892,6.36,19.8,Low,Rainy,Night,4.29,107.9
ORD_11893,8.95,16.8,High,Clear,Evening,4.81,51.9
ORD_11894,14.78,13.9,High,Clear,Evening,4.5,67.8
ORD_11895,20.9,18.3,Medium,Clear,Evening,4.83,76.1
ORD_11896,5.15,29.8,Jam,Sunny,Evening,4.69,61.5
ORD_11897,7.5,11.8,High,Sunny,Morning,4.57,39.1
ORD_11898,6.27,30.2,,Clear,Night,4.59,38.5
ORD_11899,8.61,18.4,Low,Sunny,Morning,4.37,35.7
ORD_11900,5.8,20.2,High,Rainy,Evening,3.81,49.9
ORD_11901,19.0,13.5,High,Clear,Evening,4.38,87.8
ORD_11902,4.27,15.4,Low,Sunny,Afternoon,4.83,19.2
ORD_11903,5.15,17.0,Medium,Clear,Morning,4.16,27.5
ORD_11904,4.66,13.7,Low,,Morning,4.64,21.5
ORD_11905,6.08,18.7,Medium,Clear,Afternoon,4.74,32.1
ORD_11906,2.66,17.6,Low,Sunny,Night,4.35,20.0
ORD_11907,4.72,31.1,Jam,Sunny,Night,4.44,59.5
ORD_11908,8.56,13.0,High,Rainy,Morning,4.75,55.7
ORD_11909,8.52,20.6,High,,Afternoon,4.47,59.5
ORD_11910,7.75,21.5,Low,Sunny,Night,4.66,34.4
ORD_11911,14.07,13.6,Low,Clear,Afternoon,4.43,42.3
ORD_11912,8.76,24.1,Low,Rainy,Night,4.72,41.0
ORD_11913,13.81,17.6,Medium,,Afternoon,4.8,101.4
ORD_11914,20.91,8.0,Medium,Rainy,Evening,4.77,114.9
ORD_11915,10.99,24.0,Medium,Clear,Afternoon,3.86,55.4
ORD_11916,2.67,13.3,,Cloudy,Morning,3.98,15.8
ORD_11917,7.93,13.7,High,Rainy,Afternoon,4.72,48.8
ORD_11918,7.26,24.1,High,Cloudy,Evening,4.69,52.6
ORD_11919,15.48,17.9,Low,Cloudy,Afternoon,4.76,51.5
ORD_11920,6.22,25.5,High,Cloudy,Evening,4.69,54.3
ORD_11921,3.89,27.3,High,Sunny,Afternoon,4.65,39.7
ORD_11922,4.9,16.1,Medium,Rainy,Afternoon,4.62,35.7
ORD_11923,2.74,24.8,Medium,Rainy,Evening,4.32,41.9
ORD_11924,1.0,15.5,High,Foggy,Afternoon,4.23,25.9
ORD_11925,19.05,33.4,Medium,Foggy,Morning,4.59,85.3
ORD_11926,6.74,15.8,Jam,Sunny,Evening,4.47,60.7
ORD_11927,2.94,26.2,Low,Clear,Evening,4.27,27.7
ORD_11928,16.26,25.1,Low,Clear,Night,4.4,52.8
ORD_11929,17.8,21.9,Medium,Foggy,Evening,4.52,73.8
ORD_11930,7.41,16.0,Medium,Clear,Morning,4.96,30.6
ORD_11931,2.56,19.1,Jam,Sunny,Afternoon,4.62,34.7
ORD_11932,4.98,8.0,Medium,Sunny,Morning,4.83,23.1
ORD_11933,5.81,21.3,Low,Clear,Morning,4.6,32.3
ORD_11934,6.88,22.1,,Sunny,Afternoon,4.47,36.1
ORD_11935,3.21,20.8,High,Rainy,Morning,4.51,42.6
ORD_11936,11.51,8.0,High,Clear,Afternoon,4.36,51.1
ORD_11937,1.24,12.4,Medium,Cloudy,Afternoon,4.45,16.7
ORD_11938,12.57,15.5,Jam,Cloudy,Afternoon,4.76,98.0
ORD_11939,14.08,21.7,Medium,Sunny,Morning,4.48,53.2
ORD_11940,5.3,21.7,Medium,Clear,Afternoon,4.73,85.4
ORD_11941,6.41,19.0,High,Rainy,Evening,4.68,52.8
ORD_11942,15.07,23.8,Medium,Sunny,Afternoon,4.08,59.2
ORD_11943,9.77,13.8,High,Sunny,Morning,4.68,88.8
ORD_11944,5.42,23.7,Medium,Cloudy,Morning,4.58,41.4
ORD_11945,5.83,22.8,Jam,Foggy,Evening,4.78,65.1
ORD_11946,8.98,22.3,Jam,Sunny,Evening,4.87,84.7
ORD_11947,18.1,18.9,Medium,Cloudy,Morning,4.64,65.1
ORD_11948,5.95,31.0,Medium,Sunny,Evening,4.8,50.2
ORD_11949,5.31,23.0,Jam,Clear,Evening,3.71,65.2
ORD_11950,6.85,14.2,High,Clear,Evening,4.47,42.1
ORD_11951,6.88,21.5,High,Clear,Night,4.86,44.6
ORD_11952,8.07,24.5,Low,Clear,Night,4.77,36.4
ORD_11953,6.42,16.5,Jam,Sunny,Morning,4.59,55.9
ORD_11954,13.0,26.5,High,Clear,Afternoon,4.98,74.5
ORD_11955,3.69,22.3,Jam,Rainy,Evening,3.88,57.3
ORD_11956,8.6,8.0,Low,Stormy,Night,4.02,70.1
ORD_11957,8.8,21.8,High,Sunny,Evening,4.48,50.9
ORD_11958,3.92,17.6,Low,Sunny,Morning,4.6,26.4
ORD_11959,8.55,23.2,Low,Clear,Afternoon,4.42,37.3
ORD_11960,8.94,25.7,Medium,Cloudy,Evening,4.64,53.3
ORD_11961,1.0,21.2,Jam,Cloudy,Evening,4.02,28.2
ORD_11962,3.45,30.0,High,Clear,Evening,4.27,45.6
ORD_11963,15.77,18.9,Medium,Clear,Evening,4.69,59.8
ORD_11964,4.56,23.7,Jam,Cloudy,Morning,4.75,54.5
ORD_11965,2.93,24.8,Medium,Sunny,Night,4.37,35.1
ORD_11966,1.64,19.4,High,Cloudy,Night,4.49,25.6
ORD_11967,3.23,24.7,Jam,Foggy,Evening,4.82,47.4
ORD_11968,6.25,16.4,High,Cloudy,Evening,4.13,42.9
ORD_11969,2.78,17.5,Medium,Clear,Evening,4.35,83.9
ORD_11970,9.84,12.1,Jam,Cloudy,Morning,4.91,82.6
ORD_11971,3.87,21.4,Medium,Sunny,Morning,4.91,31.0
ORD_11972,8.11,22.0,Medium,Cloudy,Morning,4.79,42.7
ORD_11973,14.52,27.1,Medium,Rainy,Night,4.57,64.0
ORD_11974,14.01,24.7,Medium,Clear,Afternoon,4.51,59.2
ORD_11975,8.03,18.3,Medium,Clear,Morning,4.87,40.8
ORD_11976,3.08,12.9,High,Sunny,Evening,4.32,28.6
ORD_11977,6.52,22.6,Low,Clear,Morning,4.24,37.0
ORD_11978,8.18,26.7,Low,Cloudy,Morning,4.48,47.9
ORD_11979,23.07,24.5,Jam,Cloudy,Evening,4.62,180.0
ORD_11980,1.62,26.5,Medium,Clear,Evening,4.61,32.7
ORD_11981,6.54,18.7,Jam,Sunny,Evening,4.3,66.5
ORD_11982,9.64,17.2,High,Sunny,Evening,4.61,60.3
ORD_11983,7.18,15.6,High,Clear,Evening,4.46,41.6
ORD_11984,7.66,19.7,High,Cloudy,Afternoon,4.07,51.2
ORD_11985,4.03,19.5,High,Sunny,Evening,4.9,32.7
ORD_11986,11.39,21.2,,Cloudy,Afternoon,4.51,49.0
ORD_11987,6.88,19.2,Low,Cloudy,Afternoon,4.84,35.9
ORD_11988,7.65,19.2,Medium,Cloudy,Afternoon,4.81,35.7
ORD_11989,12.08,15.3,Medium,Clear,Afternoon,4.51,47.8
ORD_11990,5.52,25.6,Medium,Rainy,Afternoon,4.65,43.3
ORD_11991,13.59,20.5,Medium,Cloudy,Morning,4.44,59.4
ORD_11992,2.71,19.0,High,Cloudy,Evening,4.67,36.7
ORD_11993,7.91,15.5,Jam,Clear,Evening,4.43,67.7
ORD_11994,3.86,12.0,Medium,Clear,Afternoon,4.42,22.7
ORD_11995,3.19,27.8,High,Rainy,Night,4.5,48.1
ORD_11996,17.98,23.3,High,Sunny,Evening,4.63,91.2
ORD_11997,2.82,10.3,High,Sunny,Night,4.56,20.5
ORD_11998,6.96,24.6,High,Sunny,Evening,4.13,49.9
ORD_11999,2.66,25.5,Medium,Sunny,Morning,4.74,38.2
ORD_12000,13.12,20.7,Low,Clear,Night,4.41,41.2
ORD_12001,5.18,29.6,Low,Clear,Night,4.53,36.4
ORD_12002,12.05,21.3,Jam,Clear,Evening,4.74,102.8
ORD_12003,9.45,11.5,Medium,Sunny,Afternoon,4.58,34.2
ORD_12004,21.19,22.2,Low,Foggy,Afternoon,4.71,66.9
ORD_12005,2.27,21.5,Jam,Sunny,Evening,4.65,39.6
ORD_12006,3.43,16.4,Medium,Rainy,Morning,4.47,28.7
ORD_12007,11.68,23.4,Medium,Clear,Evening,4.48,50.9
ORD_12008,8.14,10.0,High,Rainy,Evening,4.59,54.4
ORD_12009,5.78,25.9,Medium,Sunny,Morning,4.53,43.8
ORD_12010,19.02,14.7,High,Sunny,Evening,4.32,84.5
ORD_12011,6.67,14.1,,Cloudy,Evening,4.46,63.3
ORD_12012,3.96,19.3,Medium,Sunny,Afternoon,4.69,30.3
ORD_12013,12.13,22.6,High,Clear,Evening,4.3,76.7
ORD_12014,6.81,21.0,Jam,Clear,Evening,4.81,66.4
ORD_12015,7.13,15.5,Jam,Clear,Evening,4.88,67.3
ORD_12016,9.91,17.0,Medium,Cloudy,Evening,4.32,47.8
ORD_12017,10.14,13.2,Medium,Foggy,Afternoon,4.57,40.3
ORD_12018,3.4,18.7,Medium,Clear,Morning,4.46,26.2
ORD_12019,5.57,26.5,High,Sunny,Night,4.52,43.1
ORD_12020,2.49,20.0,High,Clear,Evening,4.45,32.5
ORD_12021,8.21,25.2,Medium,Clear,Afternoon,4.8,39.5
ORD_12022,17.8,28.7,Jam,Sunny,Evening,4.79,148.1
ORD_12023,3.5,16.5,High,Cloudy,Evening,4.75,31.6
ORD_12024,2.14,18.9,High,Clear,Afternoon,4.17,20.5
ORD_12025,4.4,33.0,Medium,Rainy,Night,4.78,49.4
ORD_12026,5.75,28.7,High,Clear,Morning,4.45,52.4
ORD_12027,10.19,10.0,Jam,Cloudy,Evening,4.91,76.3
ORD_12028,5.38,22.3,High,Cloudy,Evening,4.36,46.3
ORD_12029,8.29,20.0,Medium,Clear,Afternoon,4.45,84.9
ORD_12030,4.84,25.0,High,Cloudy,Evening,4.78,46.5
ORD_12031,5.95,15.5,Jam,Clear,Evening,4.16,61.4
ORD_12032,3.87,15.0,Jam,Clear,Evening,4.65,41.0
ORD_12033,3.07,15.9,Medium,Clear,Afternoon,4.75,21.2
ORD_12034,10.4,16.6,Low,Sunny,Night,4.31,40.8
ORD_12035,5.06,24.9,Medium,Clear,Afternoon,4.4,34.5
ORD_12036,8.65,12.9,High,Sunny,Evening,4.87,43.8
ORD_12037,3.83,16.3,Low,Clear,Night,4.42,21.6
ORD_12038,6.7,9.3,High,Clear,Morning,4.22,42.2
ORD_12039,1.26,26.0,Low,Foggy,Morning,4.39,34.3
ORD_12040,5.3,27.6,Medium,Rainy,Night,4.28,44.3
ORD_12041,4.11,18.0,Low,Clear,Night,4.66,25.2
ORD_12042,12.82,18.2,Jam,Cloudy,Evening,4.28,109.8
ORD_12043,2.74,22.7,High,Cloudy,Evening,4.8,37.7
ORD_12044,6.1,28.8,,Clear,Evening,4.64,55.7
ORD_12045,8.15,22.5,High,Sunny,Afternoon,4.88,54.1
ORD_12046,11.81,15.8,Medium,,Afternoon,4.14,49.7
ORD_12047,10.9,10.3,,Cloudy,Afternoon,4.36,83.4
ORD_12048,6.41,13.3,,Cloudy,Morning,4.66,100.0
ORD_12049,6.97,20.4,High,Sunny,Evening,4.1,42.0
ORD_12050,12.81,16.1,Medium,Cloudy,Evening,4.91,43.0
ORD_12051,6.33,21.2,Low,Sunny,Evening,4.3,33.7
ORD_12052,7.42,16.7,High,Cloudy,Evening,4.42,47.2
ORD_12053,13.05,13.7,Low,Cloudy,Night,4.43,39.9
ORD_12054,22.83,12.9,High,Clear,Afternoon,4.26,96.6
ORD_12055,7.81,29.4,Medium,Cloudy,Afternoon,4.81,52.3
ORD_12056,9.09,25.3,Medium,Cloudy,Evening,4.68,51.6
ORD_12057,10.71,30.4,Low,Clear,Afternoon,4.39,47.4
ORD_12058,12.98,23.2,Jam,Sunny,Afternoon,4.52,112.5
ORD_12059,11.98,17.4,Jam,Rainy,Evening,4.69,106.7
ORD_12060,4.59,27.9,Low,Foggy,Afternoon,4.75,36.1
ORD_12061,8.12,19.8,Low,Rainy,Night,4.45,42.4
ORD_12062,12.03,21.3,High,Clear,Evening,3.92,71.9
ORD_12063,14.53,19.7,Low,Sunny,Morning,4.49,43.1
ORD_12064,6.11,8.0,Jam,Clear,Evening,4.9,50.3
ORD_12065,8.0,29.6,High,Cloudy,Evening,4.53,64.9
ORD_12066,8.55,22.9,Jam,Cloudy,Evening,4.41,78.6
ORD_12067,6.83,22.0,High,Rainy,Night,4.43,55.9
ORD_12068,7.88,19.6,High,Rainy,Evening,4.44,56.2
ORD_12069,1.2,21.0,Medium,Clear,Morning,4.64,21.1
ORD_12070,25.0,16.4,High,Clear,Morning,4.66,109.0
ORD_12071,5.95,23.7,High,Foggy,Evening,4.01,56.1
ORD_12072,6.24,12.2,Medium,,Afternoon,4.3,37.2
ORD_12073,1.97,21.1,High,Sunny,Evening,4.22,36.0
ORD_12074,1.71,23.4,High,Sunny,Evening,4.3,29.5
ORD_12075,8.91,18.8,Jam,,Evening,4.84,80.6
ORD_12076,12.06,22.2,Medium,Sunny,Afternoon,4.78,108.9
ORD_12077,10.82,14.1,Low,Clear,Evening,4.65,37.5
ORD_12078,3.82,14.2,Low,Sunny,Morning,4.55,18.3
ORD_12079,10.46,21.4,Jam,Cloudy,Evening,4.05,96.3
ORD_12080,6.18,24.1,Jam,Clear,Evening,4.28,68.7
ORD_12081,5.27,8.8,High,Stormy,Evening,4.78,95.9
ORD_12082,2.54,23.1,Low,,Afternoon,4.33,28.7
ORD_12083,4.15,16.7,Low,Sunny,Evening,3.97,28.2
ORD_12084,9.03,18.8,High,Sunny,Evening,4.35,50.9
ORD_12085,8.07,12.0,Jam,Sunny,Morning,4.23,68.2
ORD_12086,7.38,14.9,,Clear,Night,4.35,41.2
ORD_12087,1.14,25.8,Jam,Sunny,Evening,4.24,30.2
ORD_12088,7.42,20.2,High,Clear,Evening,4.25,49.6
ORD_12089,4.55,17.7,High,Sunny,Afternoon,4.44,34.3
ORD_12090,8.1,19.3,Low,Clear,Night,4.5,30.3
ORD_12091,13.2,22.9,Low,Clear,Evening,4.73,50.1
ORD_12092,5.0,22.6,Jam,Foggy,Evening,4.53,62.0
ORD_12093,7.1,19.5,Medium,Cloudy,Evening,4.62,43.6
ORD_12094,18.96,26.6,High,Clear,Afternoon,4.89,96.7
ORD_12095,7.86,25.8,Medium,Foggy,Morning,4.71,55.7
ORD_12096,6.58,22.5,Medium,Clear,Afternoon,4.51,33.6
ORD_12097,3.87,20.3,Medium,Clear,Afternoon,4.68,29.6
ORD_12098,10.62,23.9,Medium,Clear,Evening,4.57,52.4
ORD_12099,3.42,21.9,High,Cloudy,Morning,4.61,37.3
ORD_12100,13.53,26.4,,Sunny,Evening,4.44,57.8
ORD_12101,9.77,25.4,High,Clear,Evening,4.23,60.3
ORD_12102,4.65,13.9,High,Clear,Afternoon,4.57,32.0
ORD_12103,3.96,13.5,Medium,Sunny,Afternoon,4.94,22.5
ORD_12104,4.02,15.8,Medium,Cloudy,Evening,4.78,26.1
ORD_12105,1.74,25.9,Medium,Rainy,Afternoon,4.25,40.3
ORD_12106,8.78,10.5,Medium,Sunny,Afternoon,4.15,32.3
ORD_12107,1.28,22.4,High,Cloudy,Evening,4.16,29.2
ORD_12108,6.32,22.2,Jam,Cloudy,Evening,4.23,69.7
ORD_12109,6.07,27.0,Low,Cloudy,Evening,4.27,45.2
ORD_12110,5.42,21.1,Jam,Sunny,Evening,4.68,59.8
ORD_12111,8.75,11.9,High,Clear,Evening,4.14,46.2
ORD_12112,4.66,14.2,High,Cloudy,Afternoon,3.82,31.2
ORD_12113,7.43,12.9,High,Cloudy,Night,4.31,38.2
ORD_12114,13.53,16.8,High,Clear,Evening,4.48,72.0
ORD_12115,9.36,18.9,,Sunny,Evening,4.58,41.1
ORD_12116,5.12,13.0,Medium,Sunny,Evening,4.83,26.4
ORD_12117,6.7,28.8,High,Clear,Evening,4.87,62.2
ORD_12118,5.42,12.0,Low,Clear,Night,4.3,19.8
ORD_12119,6.02,28.1,Medium,Clear,Afternoon,4.47,42.0
ORD_12120,7.57,27.1,Medium,Sunny,Afternoon,4.18,44.5
ORD_12121,2.45,25.4,Medium,Sunny,Morning,3.8,32.6
ORD_12122,2.04,15.8,High,Sunny,Morning,4.59,23.2
ORD_12123,3.65,22.1,High,Clear,Evening,4.32,39.9
ORD_12124,8.99,12.3,Medium,Sunny,Morning,4.36,34.5
ORD_12125,9.71,25.5,Low,Clear,Night,4.49,43.5
ORD_12126,10.55,19.6,Medium,Clear,Evening,4.44,43.3
ORD_12127,3.75,17.5,Medium,Sunny,Afternoon,4.75,23.5
ORD_12128,7.07,12.7,High,Cloudy,Afternoon,4.11,39.5
ORD_12129,5.22,8.0,Medium,Cloudy,Morning,4.11,22.6
ORD_12130,6.17,13.8,Jam,Clear,Night,4.0,48.4
ORD_12131,5.16,26.7,Low,Sunny,Evening,4.71,40.6
ORD_12132,7.83,17.6,Jam,Sunny,Afternoon,4.77,63.9
ORD_12133,4.29,19.0,Medium,Cloudy,Morning,4.71,28.9
ORD_12134,12.69,23.9,High,Clear,Afternoon,4.22,71.0
ORD_12135,12.75,30.8,Medium,Cloudy,Morning,4.01,71.3
ORD_12136,8.83,28.0,High,Cloudy,Evening,4.26,64.9
ORD_12137,11.85,14.2,High,Rainy,Evening,4.4,69.2
ORD_12138,2.38,8.3,High,Stormy,Evening,3.82,30.1
ORD_12139,13.1,34.2,Low,Foggy,Night,4.4,59.5
ORD_12140,8.34,33.6,Medium,Sunny,Morning,4.81,51.7
ORD_12141,4.46,21.1,High,Rainy,Evening,4.03,46.2
ORD_12142,4.17,12.4,,Clear,Evening,4.95,44.4
ORD_12143,15.63,25.8,Medium,Clear,Morning,4.65,62.9
ORD_12144,10.65,19.4,Medium,Sunny,Afternoon,4.54,46.8
ORD_12145,6.07,19.3,Jam,Stormy,Evening,4.75,73.0
ORD_12146,2.36,25.4,High,Cloudy,Afternoon,4.77,33.4
ORD_12147,13.48,22.0,High,Clear,Evening,4.71,135.9
ORD_12148,3.09,12.9,Low,Cloudy,Evening,4.81,21.4
ORD_12149,5.28,18.1,High,Clear,Afternoon,4.14,37.6
ORD_12150,6.07,24.0,Medium,Sunny,Morning,4.11,39.4
ORD_12151,4.13,23.1,Low,Clear,Morning,4.48,36.8
ORD_12152,5.9,21.6,High,Clear,Evening,4.15,46.2
ORD_12153,6.64,25.6,Medium,Clear,Morning,4.75,33.5
ORD_12154,5.82,17.8,Low,Cloudy,Night,4.44,24.7
ORD_12155,8.06,21.1,High,Sunny,Evening,4.6,53.0
ORD_12156,15.95,8.0,High,Clear,Afternoon,4.71,66.2
ORD_12157,2.45,17.3,Medium,Sunny,Evening,4.82,22.3
ORD_12158,7.33,24.6,Low,Cloudy,Evening,4.6,38.6
ORD_12159,3.12,17.7,,Foggy,Morning,4.5,34.7
ORD_12160,2.27,17.2,Low,Rainy,Evening,4.55,33.3
ORD_12161,11.35,13.8,High,Clear,Evening,4.81,61.1
ORD_12162,7.71,26.0,Jam,Clear,Morning,4.64,75.2
ORD_12163,2.16,23.3,High,Clear,Afternoon,3.74,34.0
ORD_12164,5.9,25.0,Low,Sunny,Morning,4.74,27.9
ORD_12165,3.65,9.6,,Cloudy,Afternoon,4.16,18.7
ORD_12166,6.03,19.0,Medium,Clear,Afternoon,4.86,30.7
ORD_12167,9.91,18.3,Medium,Foggy,Evening,4.49,49.3
ORD_12168,9.34,18.3,Medium,Cloudy,Morning,4.47,43.6
ORD_12169,5.19,16.3,Low,Sunny,Morning,4.51,25.5
ORD_12170,11.65,17.9,,Sunny,Afternoon,4.79,56.6
ORD_12171,14.13,25.1,,Sunny,Evening,4.59,118.9
ORD_12172,10.01,8.5,High,Sunny,Afternoon,4.6,46.4
ORD_12173,4.64,30.7,Low,Rainy,Afternoon,4.99,45.5
ORD_12174,6.15,22.9,Jam,Clear,Evening,4.75,70.2
ORD_12175,15.67,19.7,Low,Cloudy,Evening,4.15,54.2
ORD_12176,5.44,25.4,Medium,Clear,Evening,4.63,45.2
ORD_12177,9.36,11.3,Medium,Sunny,Morning,4.54,30.3
ORD_12178,4.09,16.0,Medium,Cloudy,Afternoon,4.48,28.5
ORD_12179,11.7,19.3,Medium,Clear,Morning,4.76,50.3
ORD_12180,3.78,28.2,Medium,Clear,Evening,4.68,40.7
ORD_12181,6.32,19.7,Low,Clear,Morning,4.0,28.9
ORD_12182,9.17,22.7,High,Sunny,Afternoon,4.07,57.9
ORD_12183,17.47,16.5,High,Cloudy,Evening,4.09,85.2
ORD_12184,7.62,22.9,Medium,Stormy,Afternoon,4.66,56.4
ORD_12185,5.65,30.1,High,Clear,Evening,4.69,52.6
ORD_12186,5.39,26.0,Low,Clear,Afternoon,4.7,33.0
ORD_12187,11.41,19.5,Medium,Sunny,Night,4.36,53.1
ORD_12188,8.74,24.1,Low,Clear,Night,4.79,35.7
ORD_12189,9.8,23.5,High,Clear,Evening,4.24,63.6
ORD_12190,15.05,23.0,Medium,Sunny,Night,4.03,61.2
ORD_12191,6.91,26.7,High,Rainy,Afternoon,4.41,57.9
ORD_12192,8.38,26.6,Medium,Rainy,Evening,4.47,60.0
ORD_12193,5.34,19.2,Medium,Clear,Afternoon,4.57,34.0
ORD_12194,3.98,23.9,Jam,Clear,Evening,4.58,47.2
ORD_12195,4.51,17.7,,Sunny,Afternoon,4.3,35.9
ORD_12196,1.0,14.5,Jam,Sunny,Afternoon,4.57,25.3
ORD_12197,9.11,18.4,High,Cloudy,Night,4.63,49.5
ORD_12198,8.57,19.5,High,Sunny,Afternoon,4.59,46.3
ORD_12199,9.0,10.0,Medium,Clear,Evening,4.32,34.0
ORD_12200,3.81,25.2,High,Clear,Evening,4.41,41.6
ORD_12201,4.57,8.0,High,Foggy,Afternoon,4.81,28.6
ORD_12202,4.47,36.3,High,Sunny,Evening,3.88,59.4
ORD_12203,12.34,29.0,Medium,Rainy,Morning,4.58,64.6
ORD_12204,7.46,18.4,Medium,Sunny,Night,4.38,36.9
ORD_12205,6.87,20.1,Low,Cloudy,Night,4.03,35.7
ORD_12206,10.32,21.8,High,Clear,Evening,4.26,63.3
ORD_12207,4.48,16.5,Low,Cloudy,Evening,4.48,26.6
ORD_12208,8.26,21.2,High,Rainy,Morning,4.72,55.3
ORD_12209,18.74,19.1,,Clear,Afternoon,4.29,84.2
ORD_12210,13.45,19.4,Medium,Clear,Afternoon,4.77,47.1
ORD_12211,8.19,21.1,Medium,Sunny,Evening,4.12,39.5
ORD_12212,7.03,12.1,Low,Cloudy,Morning,3.93,32.5
ORD_12213,8.95,20.2,Low,Cloudy,Evening,4.06,40.8
ORD_12214,14.49,21.0,Low,Cloudy,Evening,4.95,56.9
ORD_12215,13.92,20.8,Medium,Cloudy,Morning,4.09,59.0
ORD_12216,15.86,18.7,Low,Sunny,Morning,4.36,44.1
ORD_12217,7.71,26.8,Low,Sunny,Morning,4.29,41.1
ORD_12218,1.27,17.9,High,Clear,Evening,4.55,26.4
ORD_12219,18.01,21.4,Jam,Clear,Afternoon,4.53,141.3
ORD_12220,3.98,27.8,Medium,Sunny,Afternoon,4.26,35.9
ORD_12221,10.23,19.5,High,Cloudy,Evening,3.8,65.4
ORD_12222,1.29,21.3,Jam,Rainy,Morning,4.84,33.1
ORD_12223,6.78,19.4,Jam,Cloudy,Afternoon,4.73,65.2
ORD_12224,5.44,27.4,High,Sunny,Evening,4.78,51.6
ORD_12225,15.88,18.5,Medium,Clear,Evening,4.16,59.8
ORD_12226,8.25,27.7,Medium,Sunny,Evening,4.09,52.6
ORD_12227,6.74,19.4,Low,Clear,Morning,4.73,31.2
ORD_12228,8.79,14.8,Medium,,Morning,4.29,37.8
ORD_12229,1.0,24.1,Medium,Clear,Evening,4.13,82.3
ORD_12230,4.41,18.2,High,Clear,Morning,4.21,34.4
ORD_12231,4.87,23.7,Low,Cloudy,Night,4.71,36.1
ORD_12232,9.6,8.0,High,Clear,Afternoon,4.39,44.0
ORD_12233,3.4,20.0,Medium,Sunny,Afternoon,4.17,29.8
ORD_12234,7.51,17.2,Medium,Cloudy,Afternoon,4.38,40.1
ORD_12235,6.35,13.6,,Rainy,Night,4.66,35.9
ORD_12236,4.57,16.7,High,Clear,Evening,4.46,33.1
ORD_12237,4.77,16.6,Medium,Clear,Afternoon,4.52,29.6
ORD_12238,6.31,19.7,Medium,Cloudy,Evening,4.63,39.5
ORD_12239,1.6,11.8,Medium,Clear,Afternoon,4.83,12.0
ORD_12240,10.4,21.9,High,Rainy,Evening,4.55,73.2
ORD_12241,3.96,28.2,Low,Clear,Afternoon,4.13,32.3
ORD_12242,5.66,21.7,Medium,Sunny,Afternoon,4.39,33.4
ORD_12243,15.55,24.9,Low,Clear,Afternoon,4.6,51.6
ORD_12244,10.51,26.6,Medium,Sunny,Morning,4.06,49.9
ORD_12245,2.98,27.4,Medium,,Morning,4.26,42.3
ORD_12246,1.0,31.2,Medium,Cloudy,Morning,4.62,33.0
ORD_12247,9.01,17.0,Medium,Cloudy,Afternoon,4.85,40.0
ORD_12248,5.8,15.7,Medium,Clear,Night,4.34,33.7
ORD_12249,7.54,24.7,High,Foggy,Evening,4.91,59.0
ORD_12250,10.31,24.2,Low,Cloudy,Night,4.4,44.7
ORD_12251,11.24,24.7,Medium,Clear,Afternoon,4.95,50.8
ORD_12252,5.11,31.3,High,Clear,Afternoon,4.44,48.6
ORD_12253,6.25,20.1,Jam,Clear,Evening,4.86,65.2
ORD_12254,8.4,22.6,Medium,Clear,Evening,4.65,42.5
ORD_12255,8.73,14.1,High,Foggy,Evening,4.27,57.3
ORD_12256,7.49,32.8,Jam,Sunny,Evening,4.84,81.7
ORD_12257,14.59,18.0,,Clear,Evening,4.62,78.5
ORD_12258,8.67,18.2,Medium,Sunny,Evening,4.58,40.6
ORD_12259,10.22,17.9,High,,Evening,4.69,55.4
ORD_12260,7.87,16.1,Low,Clear,Night,4.52,29.1
ORD_12261,3.38,15.6,Low,Clear,Night,4.66,14.9
ORD_12262,4.4,16.9,Medium,Clear,Afternoon,4.72,23.2
ORD_12263,2.89,11.8,Low,Sunny,Morning,4.19,19.3
ORD_12264,11.96,15.3,Low,Sunny,Morning,4.75,40.8
ORD_12265,2.15,31.7,High,Foggy,Morning,4.24,43.5
ORD_12266,6.09,24.4,Jam,Sunny,Morning,4.03,69.8
ORD_12267,5.29,25.6,Medium,Sunny,Afternoon,4.61,36.4
ORD_12268,5.2,27.1,Low,Foggy,Morning,3.62,44.2
ORD_12269,5.5,31.0,High,Sunny,Evening,4.93,53.3
ORD_12270,16.14,9.4,Medium,Sunny,Morning,4.26,54.8
ORD_12271,1.51,12.6,,,Evening,4.36,23.2
ORD_12272,13.58,15.2,Medium,Cloudy,Morning,4.63,49.8
ORD_12273,5.79,17.2,Jam,Sunny,Evening,4.47,65.2
ORD_12274,10.83,18.2,Medium,Sunny,Evening,4.49,47.1
ORD_12275,7.0,17.3,Medium,Sunny,Afternoon,4.8,33.2
ORD_12276,3.11,21.3,Low,Sunny,Night,3.87,27.4
ORD_12277,14.31,20.2,Medium,Rainy,Morning,4.64,61.4
ORD_12278,13.08,15.7,Jam,Sunny,Evening,4.27,109.5
ORD_12279,3.28,8.0,Jam,Clear,Evening,4.7,31.2
ORD_12280,9.41,14.0,High,Sunny,Afternoon,4.88,49.5
ORD_12281,4.54,16.7,Low,Foggy,Morning,4.84,93.0
ORD_12282,2.23,18.5,High,,Morning,4.36,29.0
ORD_12283,3.97,13.2,Low,Clear,Night,3.99,18.7
ORD_12284,13.84,17.1,Jam,Foggy,Evening,4.5,116.6
ORD_12285,10.98,13.2,Medium,Clear,Afternoon,4.03,37.1
ORD_12286,5.54,19.2,Medium,Stormy,Evening,4.53,48.4
ORD_12287,13.88,13.6,High,Clear,Morning,4.14,66.9
ORD_12288,12.53,14.9,High,Stormy,Morning,3.97,75.9
ORD_12289,3.97,12.1,Medium,Clear,Night,4.31,92.6
ORD_12290,15.78,19.1,Medium,Cloudy,Evening,4.3,62.6
ORD_12291,5.26,14.8,High,Cloudy,Afternoon,3.98,38.0
ORD_12292,5.72,25.4,Medium,Cloudy,Night,4.08,43.0
ORD_12293,1.54,22.4,High,Cloudy,Afternoon,4.71,31.4
ORD_12294,4.48,19.6,Medium,Sunny,Afternoon,4.54,28.6
ORD_12295,6.12,15.2,High,Clear,Afternoon,4.48,36.0
ORD_12296,8.0,22.3,High,Sunny,Evening,4.6,58.9
ORD_12297,3.12,24.1,Medium,Cloudy,Evening,4.01,33.6
ORD_12298,4.09,20.9,Medium,Cloudy,Morning,4.75,30.9
ORD_12299,15.97,29.6,High,Clear,Evening,4.73,90.5
ORD_12300,12.06,22.8,Medium,Clear,Evening,4.81,51.8
ORD_12301,13.32,25.5,Medium,Sunny,Evening,4.02,62.1
ORD_12302,6.44,20.8,Medium,Cloudy,Night,4.52,40.0
ORD_12303,8.14,24.1,Medium,Rainy,Afternoon,4.79,44.1
ORD_12304,9.53,15.2,Low,Clear,Morning,4.7,31.1
ORD_12305,15.84,17.2,Jam,Foggy,Evening,4.7,129.8
ORD_12306,2.19,22.1,Low,Foggy,Morning,4.18,36.5
ORD_12307,4.78,22.1,Medium,Clear,Morning,5.0,28.6
ORD_12308,7.71,23.0,Medium,Sunny,Morning,4.85,44.2
ORD_12309,7.02,26.6,High,Sunny,Evening,4.67,54.1
ORD_12310,4.06,11.5,Medium,Sunny,Morning,4.56,22.0
ORD_12311,9.06,14.2,Jam,Cloudy,Afternoon,4.62,78.5
ORD_12312,4.9,21.4,Medium,Sunny,Morning,4.13,34.0
ORD_12313,6.72,15.7,High,Clear,Evening,4.27,43.3
ORD_12314,8.82,40.3,High,Clear,Evening,4.55,75.7
ORD_12315,5.05,23.1,Medium,Clear,Afternoon,4.96,103.0
ORD_12316,10.46,19.5,Low,Cloudy,Evening,4.4,39.5
ORD_12317,11.56,16.9,Jam,Clear,Evening,4.75,96.0
ORD_12318,4.16,17.1,Medium,Rainy,Evening,4.88,37.0
ORD_12319,4.88,20.2,High,Sunny,Afternoon,4.92,31.8
ORD_12320,3.45,20.7,High,Sunny,Evening,4.93,37.4
ORD_12321,6.63,17.3,Medium,Rainy,Night,4.93,40.8
ORD_12322,8.0,18.4,Low,Clear,Morning,4.64,33.9
ORD_12323,5.36,28.1,Medium,Clear,Afternoon,4.58,36.3
ORD_12324,7.87,28.3,Low,Stormy,Afternoon,4.93,53.2
ORD_12325,4.8,21.5,Jam,Sunny,Evening,4.36,48.8
ORD_12326,4.9,12.0,High,Clear,Evening,4.75,30.8
ORD_12327,8.24,23.2,Medium,Clear,Afternoon,4.14,40.8
ORD_12328,5.11,29.3,High,Rainy,Afternoon,3.86,124.4
ORD_12329,6.41,28.2,Low,Sunny,Night,4.43,41.4
ORD_12330,8.42,24.4,Medium,Clear,Evening,4.72,45.5
ORD_12331,7.8,28.5,Low,Rainy,Night,4.32,49.7
ORD_12332,4.84,20.3,Medium,Sunny,Evening,4.35,34.4
ORD_12333,12.22,23.8,Jam,Stormy,Afternoon,4.67,115.2
ORD_12334,2.1,15.9,Medium,Clear,Morning,4.82,24.7
ORD_12335,1.0,21.8,High,Sunny,Evening,4.36,30.3
ORD_12336,9.28,28.0,Jam,Clear,Afternoon,4.82,84.9
ORD_12337,7.71,16.5,Medium,Sunny,Afternoon,4.71,35.7
ORD_12338,3.13,14.8,Medium,Clear,Afternoon,4.54,20.9
ORD_12339,7.13,20.6,Low,Clear,Night,4.65,33.2
ORD_12340,4.42,18.6,High,Clear,Morning,4.34,31.5
ORD_12341,8.89,23.9,High,Clear,Morning,4.45,56.3
ORD_12342,1.0,17.3,Medium,Foggy,Evening,4.95,27.0
ORD_12343,5.67,30.3,Low,Clear,Night,4.57,35.5
ORD_12344,4.7,12.3,High,Sunny,Night,4.55,28.6
ORD_12345,10.48,27.5,High,Cloudy,Evening,4.4,69.5
ORD_12346,1.59,15.4,Medium,,Morning,4.28,21.4
ORD_12347,6.85,9.2,High,Cloudy,Afternoon,4.22,39.0
ORD_12348,9.22,21.4,Medium,Cloudy,Night,3.78,53.5
ORD_12349,17.48,18.5,Jam,Foggy,Evening,4.43,142.4
ORD_12350,4.89,13.3,Jam,Cloudy,Evening,4.83,48.2
ORD_12351,8.08,9.9,Jam,Rainy,Afternoon,4.14,76.3
ORD_12352,1.68,19.9,High,Sunny,Morning,4.83,28.9
ORD_12353,6.64,25.9,Low,Cloudy,Evening,4.71,46.8
ORD_12354,12.73,23.5,Medium,Sunny,Evening,3.79,59.5
ORD_12355,17.58,20.3,High,Clear,Night,3.68,88.3
ORD_12356,8.53,22.9,Low,Clear,Evening,3.93,42.2
ORD_12357,2.09,19.8,High,Sunny,Evening,4.76,29.3
ORD_12358,13.87,11.4,Jam,Clear,Evening,4.68,105.8
ORD_12359,2.1,11.5,High,Sunny,Evening,4.23,23.2
ORD_12360,2.92,18.8,Medium,Clear,Morning,4.79,25.7
ORD_12361,14.53,19.0,Low,Sunny,Night,4.66,111.0
ORD_12362,6.35,25.1,Low,Foggy,Evening,4.53,45.7
ORD_12363,4.54,24.5,Medium,Sunny,Night,4.77,33.9
ORD_12364,9.95,23.6,Low,Clear,Evening,4.1,45.5
ORD_12365,7.36,18.3,High,Clear,Morning,4.5,44.6
ORD_12366,12.09,11.7,Low,Rainy,Morning,3.73,39.7
ORD_12367,7.56,22.5,High,Foggy,Afternoon,4.57,130.2
ORD_12368,7.67,23.2,Low,Rainy,Afternoon,4.58,46.4
ORD_12369,11.85,8.0,Medium,Clear,Afternoon,4.0,34.3
ORD_12370,6.3,15.0,Medium,Sunny,Evening,4.49,29.5
ORD_12371,3.66,15.9,Low,Stormy,Afternoon,4.54,37.8
ORD_12372,10.27,20.7,Medium,Clear,Morning,4.72,45.0
ORD_12373,5.55,15.2,High,Clear,Night,4.47,31.1
ORD_12374,7.93,19.8,Low,Clear,Afternoon,4.61,28.6
ORD_12375,1.39,18.7,Low,Foggy,Night,4.07,23.8
ORD_12376,6.14,19.0,High,Sunny,Morning,4.42,42.6
ORD_12377,4.75,15.7,Jam,Foggy,Evening,3.73,55.1
ORD_12378,1.35,16.2,Low,Clear,Morning,4.21,15.3
ORD_12379,6.26,13.5,Low,Cloudy,Evening,4.35,27.3
ORD_12380,6.39,22.3,Low,,Evening,4.72,37.5
ORD_12381,8.27,23.4,Low,Clear,Night,4.86,40.9
ORD_12382,12.61,15.4,Low,Cloudy,Afternoon,4.44,39.8
ORD_12383,11.48,29.1,Medium,Sunny,Morning,3.98,61.9
ORD_12384,4.97,18.1,Low,Cloudy,Night,4.76,28.6
ORD_12385,7.45,29.2,Medium,Stormy,Afternoon,3.79,60.5
ORD_12386,8.97,16.1,Low,Clear,Afternoon,4.51,34.7
ORD_12387,5.06,8.0,High,Clear,Evening,4.16,33.0
ORD_12388,2.26,22.4,Low,Cloudy,Morning,4.58,26.5
ORD_12389,5.85,21.5,Medium,,Afternoon,4.51,42.2
ORD_12390,12.91,20.2,Medium,Rainy,Afternoon,4.62,56.5
ORD_12391,2.17,16.1,Low,Sunny,Afternoon,4.85,14.7
ORD_12392,3.4,19.8,Jam,Cloudy,Evening,4.22,49.6
ORD_12393,3.93,16.9,Medium,Clear,Afternoon,4.51,30.5
ORD_12394,3.43,18.2,High,Clear,Evening,4.72,32.4
ORD_12395,9.97,25.0,Low,Sunny,Night,4.52,40.1
ORD_12396,4.41,21.1,Medium,Rainy,Morning,4.07,43.2
ORD_12397,10.12,23.7,High,Sunny,Evening,4.51,67.2
ORD_12398,6.85,18.6,Low,Sunny,Night,4.46,26.9
ORD_12399,1.78,17.9,Low,,Evening,4.59,23.5
ORD_12400,5.13,13.1,Low,Sunny,Night,4.44,26.8
ORD_12401,11.67,17.8,Medium,Rainy,Afternoon,4.68,58.1
ORD_12402,7.32,8.0,High,Sunny,Evening,4.43,34.8
ORD_12403,5.38,16.5,High,Clear,Evening,4.62,34.3
ORD_12404,12.99,19.5,Low,Rainy,Afternoon,4.26,51.4
ORD_12405,3.17,23.4,Jam,Cloudy,Evening,4.43,50.3
ORD_12406,4.52,18.4,Medium,Cloudy,Evening,4.31,35.7
ORD_12407,11.06,22.1,Low,Foggy,Morning,3.97,50.5
ORD_12408,9.85,8.0,High,Clear,Morning,4.7,45.4
ORD_12409,2.98,19.7,Low,Sunny,Evening,4.76,25.5
ORD_12410,8.79,9.9,,Cloudy,Evening,4.68,69.7
ORD_12411,4.36,12.8,Low,Clear,Evening,4.39,25.6
ORD_12412,1.29,18.9,,Rainy,Evening,4.5,29.0
ORD_12413,5.45,27.7,Low,Cloudy,Morning,4.94,33.5
ORD_12414,18.2,22.2,Medium,Cloudy,Afternoon,4.4,68.8
ORD_12415,11.79,20.1,Low,,Night,4.82,47.4
ORD_12416,6.48,19.9,Low,Clear,Night,4.57,35.7
ORD_12417,2.07,15.7,Low,Cloudy,Evening,4.11,24.0
ORD_12418,1.33,16.7,Low,Cloudy,Night,4.42,14.9
ORD_12419,6.86,22.6,Low,Rainy,Night,4.49,44.1
ORD_12420,8.46,11.7,,Sunny,Morning,4.48,43.3
ORD_12421,10.04,23.6,Medium,Sunny,Afternoon,3.94,48.3
ORD_12422,9.38,17.7,High,Clear,Morning,4.19,50.0
ORD_12423,9.85,25.0,Medium,Rainy,Evening,4.31,60.5
ORD_12424,7.86,25.8,Low,Sunny,Evening,4.63,42.7
ORD_12425,12.84,10.0,,Sunny,Morning,4.81,41.7
ORD_12426,4.74,16.5,Medium,Clear,Night,4.43,29.3
ORD_12427,6.8,14.9,Jam,Cloudy,Evening,4.55,66.8
ORD_12428,1.78,9.1,High,Clear,Evening,4.71,18.3
ORD_12429,4.68,13.8,Low,Foggy,Morning,3.77,30.7
ORD_12430,11.61,34.6,Low,,Morning,4.07,65.3
ORD_12431,9.67,23.7,High,Clear,Evening,4.69,66.6
ORD_12432,1.0,31.5,Medium,Sunny,Evening,4.15,34.0
ORD_12433,18.96,25.0,Medium,Cloudy,Night,4.91,67.8
ORD_12434,7.33,15.5,High,Rainy,Evening,4.35,123.1
ORD_12435,7.41,17.7,,Cloudy,Afternoon,4.95,46.6
ORD_12436,4.48,23.5,Medium,Stormy,Morning,4.21,48.9
ORD_12437,5.15,22.6,Medium,Sunny,Night,4.77,29.6
ORD_12438,7.28,16.5,Low,Clear,Morning,4.28,30.0
ORD_12439,9.35,10.9,High,Sunny,Evening,4.49,54.5
ORD_12440,8.08,39.7,Low,Cloudy,Evening,4.58,59.5
ORD_12441,4.72,19.2,High,Clear,Afternoon,4.57,40.2
ORD_12442,3.62,18.0,Medium,Clear,Afternoon,4.72,21.7
ORD_12443,3.45,20.7,Medium,Rainy,Night,4.4,35.4
ORD_12444,12.12,18.5,Medium,Cloudy,Night,4.48,49.9
ORD_12445,11.3,20.7,Medium,Clear,Night,4.58,48.9
ORD_12446,8.86,27.7,Low,Rainy,Afternoon,4.38,49.8
ORD_12447,12.07,19.3,High,Clear,Morning,4.5,67.5
ORD_12448,6.17,13.0,Low,Clear,Night,4.78,23.5
ORD_12449,10.76,19.0,High,Sunny,Morning,4.71,59.2
ORD_12450,9.13,17.2,High,Rainy,Evening,4.11,59.9
ORD_12451,10.92,28.5,High,Cloudy,Afternoon,4.05,66.4
ORD_12452,3.21,27.0,High,Sunny,Evening,4.06,36.2
ORD_12453,1.0,20.6,High,Clear,Afternoon,4.87,20.6
ORD_12454,7.79,12.3,Low,Cloudy,Night,4.82,25.3
ORD_12455,5.33,12.6,Medium,Sunny,Night,4.16,22.6
ORD_12456,1.09,20.1,Medium,Stormy,Afternoon,4.33,37.2
ORD_12457,13.22,22.0,High,Cloudy,Morning,4.56,75.4
ORD_12458,11.32,17.8,Medium,Clear,Evening,4.42,44.5
ORD_12459,8.2,17.1,High,Cloudy,Afternoon,4.55,49.9
ORD_12460,3.78,16.4,Low,Clear,Night,4.43,21.5
ORD_12461,1.72,19.9,Low,Foggy,Morning,4.34,23.3
ORD_12462,1.08,8.0,High,Clear,Morning,4.14,15.5
ORD_12463,4.65,13.4,Jam,Clear,Evening,4.59,43.4
ORD_12464,9.93,16.2,High,Sunny,Evening,4.57,63.0
ORD_12465,5.37,27.2,Jam,Clear,Evening,4.1,69.3
ORD_12466,8.92,15.1,Medium,Clear,Afternoon,4.17,100.0
ORD_12467,9.18,21.1,Medium,Sunny,Afternoon,4.52,43.0
ORD_12468,9.85,21.4,Medium,Sunny,Afternoon,3.84,42.2
ORD_12469,1.47,27.8,Medium,Sunny,Afternoon,4.5,35.7
ORD_12470,4.02,27.6,Low,Rainy,Night,4.48,37.6
ORD_12471,8.83,19.7,Medium,Sunny,Morning,4.59,41.7
ORD_12472,14.83,17.1,Medium,Foggy,Afternoon,4.81,55.6
ORD_12473,12.55,16.0,Medium,Clear,Evening,4.61,50.5
ORD_12474,7.95,18.6,Medium,Clear,Morning,4.7,38.0
ORD_12475,13.3,17.4,Low,Cloudy,Night,4.51,39.9
ORD_12476,7.92,23.3,High,Clear,Evening,4.38,56.6
ORD_12477,2.13,22.5,Low,Clear,Morning,4.28,31.4
ORD_12478,9.75,23.6,High,Foggy,Night,4.3,63.7
ORD_12479,12.79,27.6,Medium,Sunny,Evening,4.19,55.6
ORD_12480,17.43,31.2,Jam,Clear,Evening,4.36,150.8
ORD_12481,4.57,20.7,Low,Cloudy,Night,3.78,25.8
ORD_12482,2.97,26.6,Low,Clear,Night,4.29,26.5
ORD_12483,10.77,17.9,Medium,Sunny,Afternoon,4.72,39.0
ORD_12484,8.52,27.1,High,Clear,Afternoon,4.66,59.8
ORD_12485,8.08,26.4,,Clear,Afternoon,4.19,75.5
ORD_12486,13.4,26.1,Medium,Clear,Evening,4.67,64.2
ORD_12487,10.75,20.6,Low,Foggy,Night,4.82,45.5
ORD_12488,8.99,16.0,Medium,Clear,Morning,4.01,36.9
ORD_12489,4.96,11.6,Medium,Sunny,Morning,4.79,24.9
ORD_12490,10.26,19.8,Jam,,Evening,4.87,93.0
ORD_12491,2.88,29.2,Medium,Sunny,Afternoon,4.15,34.4
ORD_12492,7.9,18.1,Low,Sunny,Afternoon,4.49,35.6
ORD_12493,6.53,24.7,High,Sunny,Morning,4.0,50.7
ORD_12494,2.05,25.1,Medium,Cloudy,Afternoon,4.13,29.4
ORD_12495,8.54,18.3,Medium,Foggy,Night,4.66,44.8
ORD_12496,4.57,27.9,Medium,Clear,Night,4.62,34.9
ORD_12497,8.41,8.0,Low,Clear,Afternoon,4.86,26.2
ORD_12498,3.47,12.7,Low,Rainy,Night,4.25,21.2
ORD_12499,10.81,14.5,Low,Stormy,Afternoon,4.33,52.0
ORD_12500,16.13,15.1,High,Sunny,Night,4.97,73.3
ORD_12501,2.88,22.0,,Sunny,Afternoon,4.84,33.3
ORD_12502,3.47,21.7,Medium,Clear,Evening,4.87,30.5
ORD_12503,2.53,22.4,High,Sunny,Afternoon,4.48,32.1
ORD_12504,5.83,23.6,Medium,Clear,Morning,4.28,31.0
ORD_12505,8.34,14.3,Low,Stormy,Night,4.54,42.5
ORD_12506,9.9,12.7,Medium,Clear,Afternoon,4.99,31.5
ORD_12507,7.81,22.4,Medium,Sunny,Night,4.4,42.4
ORD_12508,9.73,16.2,Low,Cloudy,Morning,4.09,35.2
ORD_12509,6.39,10.6,High,Clear,Morning,4.64,32.6
ORD_12510,4.54,25.8,Medium,Sunny,Night,4.05,74.5
ORD_12511,3.53,28.4,Low,Stormy,Evening,4.74,51.1
ORD_12512,5.97,29.3,High,Sunny,Afternoon,4.74,47.7
ORD_12513,3.59,21.1,Low,Foggy,Morning,4.6,32.5
ORD_12514,8.19,23.8,Jam,Clear,Evening,3.78,80.9
ORD_12515,3.63,28.2,Medium,Clear,Afternoon,3.69,34.8
ORD_12516,4.87,16.2,High,Foggy,Evening,4.6,40.1
ORD_12517,12.08,26.7,High,,Evening,4.54,136.8
ORD_12518,12.74,21.7,Medium,Cloudy,Evening,4.86,59.2
ORD_12519,12.51,25.5,Low,Sunny,Night,4.68,50.0
ORD_12520,6.45,21.1,High,Sunny,Evening,4.91,42.5
ORD_12521,4.66,27.8,Medium,Cloudy,Afternoon,4.53,40.5
ORD_12522,8.93,21.3,Medium,Cloudy,Afternoon,4.08,44.1
ORD_12523,3.68,11.1,Jam,,Evening,4.41,40.2
ORD_12524,10.18,28.7,High,Clear,Afternoon,4.09,67.1
ORD_12525,4.39,14.3,Medium,Cloudy,Afternoon,4.49,27.2
ORD_12526,5.81,27.5,High,Clear,Evening,4.21,103.4
ORD_12527,10.31,19.5,Low,Cloudy,Night,4.66,41.0
ORD_12528,1.65,27.1,Jam,Clear,Evening,4.51,42.2
ORD_12529,4.51,26.8,Medium,Sunny,Evening,4.89,39.2
ORD_12530,8.3,22.6,Medium,,Afternoon,4.0,40.7
ORD_12531,9.35,23.1,,Clear,Evening,4.71,43.7
ORD_12532,8.49,22.5,Jam,Cloudy,Evening,4.71,80.2
ORD_12533,5.77,8.0,High,Clear,Evening,4.27,35.9
ORD_12534,10.9,20.7,Low,Cloudy,Morning,4.64,45.1
ORD_12535,3.45,13.3,High,Sunny,Evening,4.5,28.3
ORD_12536,3.35,21.0,Medium,Clear,Evening,3.98,30.0
ORD_12537,8.25,13.1,Low,Sunny,Morning,4.88,29.3
ORD_12538,3.18,12.9,Medium,Rainy,Morning,4.6,30.0
ORD_12539,16.44,29.6,Low,Stormy,Evening,4.77,74.9
ORD_12540,4.6,26.4,High,Sunny,Evening,4.56,46.8
ORD_12541,10.79,20.0,High,Clear,Evening,4.64,60.7
ORD_12542,2.8,21.1,Medium,Clear,Morning,4.28,23.3
ORD_12543,14.53,18.5,Medium,Rainy,Morning,4.89,56.1
ORD_12544,6.72,23.4,Medium,Cloudy,Morning,4.06,43.0
ORD_12545,4.52,15.9,Low,Clear,Evening,4.94,30.1
ORD_12546,5.52,26.0,High,Sunny,Evening,4.27,46.3
ORD_12547,4.05,18.5,Low,Rainy,Night,3.9,29.9
ORD_12548,5.8,17.5,High,Sunny,Evening,4.31,42.5
ORD_12549,2.92,20.1,Low,Cloudy,Night,4.8,24.6
ORD_12550,4.61,16.5,Medium,Clear,Morning,4.7,28.5
ORD_12551,10.67,22.0,Medium,Cloudy,Morning,4.83,51.1
ORD_12552,7.56,16.8,Medium,Sunny,Morning,4.66,35.3
ORD_12553,3.4,22.8,,Sunny,Evening,4.5,33.7
ORD_12554,5.93,27.3,Medium,Sunny,Afternoon,4.41,37.9
ORD_12555,12.82,15.7,Jam,Sunny,Evening,4.81,101.3
ORD_12556,4.96,19.2,Low,Sunny,Morning,4.24,32.8
ORD_12557,3.16,22.8,Low,Clear,Morning,4.75,29.6
ORD_12558,9.15,17.4,Medium,Stormy,Evening,4.7,56.7
ORD_12559,1.15,22.8,Medium,Foggy,Afternoon,4.62,26.8
ORD_12560,5.6,23.3,Medium,Sunny,Evening,4.29,37.3
ORD_12561,13.45,26.5,Jam,Clear,Evening,4.42,115.1
ORD_12562,5.82,16.4,Medium,Clear,Morning,4.43,25.6
ORD_12563,11.27,14.3,Medium,Rainy,Evening,3.89,51.9
ORD_12564,3.13,18.2,Jam,Foggy,Evening,4.76,44.4
ORD_12565,5.68,14.2,Medium,Clear,Evening,4.01,31.9
ORD_12566,5.35,23.4,Low,Cloudy,Morning,4.25,38.5
ORD_12567,8.87,13.0,Medium,Cloudy,Evening,4.87,36.1
ORD_12568,6.95,34.0,Low,Clear,Morning,4.27,51.2
ORD_12569,14.46,27.8,High,Sunny,Afternoon,4.79,82.0
ORD_12570,4.79,20.1,Medium,Cloudy,Morning,4.9,37.0
ORD_12571,6.9,25.2,High,,Evening,3.72,51.2
ORD_12572,5.48,10.2,High,Clear,Evening,4.65,106.6
ORD_12573,6.6,35.1,Low,Clear,Night,4.8,42.9
ORD_12574,6.24,16.5,High,Foggy,Evening,4.8,43.9
ORD_12575,3.66,19.3,Low,Sunny,Night,4.02,24.9
ORD_12576,10.34,8.9,Jam,Sunny,Evening,4.62,77.0
ORD_12577,4.3,22.9,Low,Cloudy,Afternoon,4.73,32.3
ORD_12578,4.1,13.4,Medium,Stormy,Evening,4.01,43.2
ORD_12579,2.14,20.6,Jam,Clear,Evening,3.79,39.8
ORD_12580,4.7,16.7,Medium,Clear,Evening,4.94,29.4
ORD_12581,4.26,13.5,Medium,Clear,Evening,4.09,30.5
ORD_12582,1.36,15.2,High,Foggy,Evening,3.98,29.6
ORD_12583,5.79,21.4,Medium,Sunny,Morning,4.0,36.4
ORD_12584,14.1,12.3,High,Rainy,Evening,4.38,74.0
ORD_12585,2.44,15.5,High,Clear,Morning,4.51,22.0
ORD_12586,6.53,24.0,Medium,Sunny,Morning,4.31,37.8
ORD_12587,5.7,35.6,High,Clear,Evening,3.87,58.9
ORD_12588,9.57,22.9,Medium,Sunny,Evening,4.28,46.1
ORD_12589,9.97,14.5,High,Clear,Morning,4.67,48.1
ORD_12590,19.9,17.8,High,Sunny,Evening,4.42,91.8
ORD_12591,7.72,20.2,Medium,Rainy,Evening,4.51,51.7
ORD_12592,3.9,17.9,Medium,Foggy,Morning,4.7,29.8
ORD_12593,4.61,25.4,High,Clear,Evening,4.42,47.3
ORD_12594,4.92,21.3,Medium,Cloudy,Afternoon,4.44,32.3
ORD_12595,4.38,25.4,High,Rainy,Evening,4.42,51.6
ORD_12596,16.04,18.1,Medium,Clear,Afternoon,4.35,55.1
ORD_12597,9.7,28.0,Medium,Sunny,Evening,4.65,54.5
ORD_12598,1.98,19.0,Low,,Night,4.07,29.9
ORD_12599,8.83,14.2,Jam,,Evening,4.22,73.5
ORD_12600,3.22,33.1,High,Clear,Evening,4.75,45.8
ORD_12601,9.91,9.1,,Clear,Morning,4.19,30.9
ORD_12602,12.28,15.6,Low,Sunny,Morning,4.0,42.9
ORD_12603,5.77,16.2,Medium,Clear,Evening,4.69,36.0
ORD_12604,4.58,35.0,Low,Clear,Afternoon,4.48,39.8
ORD_12605,14.66,30.8,Low,,Night,4.86,56.6
ORD_12606,4.2,29.0,Medium,Sunny,Afternoon,4.52,39.7
ORD_12607,3.92,18.0,Medium,Clear,Afternoon,4.67,26.7
ORD_12608,3.49,34.6,Medium,Sunny,Evening,4.48,42.6
ORD_12609,6.33,22.2,Jam,Stormy,Evening,4.04,78.4
ORD_12610,7.71,25.9,Medium,Clear,Afternoon,4.84,39.8
ORD_12611,11.35,21.1,Medium,Clear,Night,4.41,50.7
ORD_12612,9.06,19.7,Medium,Clear,Evening,4.65,46.0
ORD_12613,8.97,18.5,Medium,Clear,Evening,4.54,47.9
ORD_12614,13.33,18.7,High,Sunny,Evening,4.79,67.1
ORD_12615,3.38,23.7,Low,Foggy,Evening,4.62,37.7
ORD_12616,2.34,22.2,Low,Cloudy,Morning,4.82,27.9
ORD_12617,9.31,19.8,Medium,Sunny,Evening,4.56,46.1
ORD_12618,6.16,29.1,Medium,Sunny,Evening,4.6,48.1
ORD_12619,11.38,8.0,Medium,Clear,Afternoon,4.01,46.0
ORD_12620,6.51,23.1,Medium,Clear,Morning,4.05,49.7
ORD_12621,4.48,24.3,Medium,Rainy,Evening,4.45,45.7
ORD_12622,9.39,26.9,Low,Sunny,Morning,4.08,50.2
ORD_12623,7.0,19.6,High,Clear,Morning,4.74,42.8
ORD_12624,6.51,21.2,Low,Clear,Morning,4.38,33.3
ORD_12625,21.94,25.9,Medium,Sunny,Morning,4.88,77.6
ORD_12626,12.76,28.9,Jam,Rainy,Evening,4.47,123.8
ORD_12627,10.07,18.2,Medium,Sunny,Afternoon,4.6,43.8
ORD_12628,7.13,21.6,Low,Rainy,Morning,4.06,49.7
ORD_12629,6.77,30.1,Jam,Cloudy,Afternoon,4.63,72.7
ORD_12630,5.5,8.0,Medium,Clear,Evening,4.46,27.8
ORD_12631,7.56,15.9,Medium,Foggy,Evening,4.45,40.7
ORD_12632,4.86,28.8,Medium,Clear,Afternoon,4.12,39.0
ORD_12633,2.9,26.6,Medium,Clear,Evening,4.4,35.3
ORD_12634,6.47,23.1,Jam,Rainy,Afternoon,4.78,119.3
ORD_12635,7.93,17.3,Low,Clear,Evening,4.52,28.2
ORD_12636,11.39,14.7,Medium,Sunny,Morning,3.93,45.7
ORD_12637,3.93,16.5,Low,Rainy,Night,4.62,32.0
ORD_12638,6.81,29.3,Medium,Cloudy,Afternoon,4.56,43.8
ORD_12639,9.02,16.2,High,Clear,Evening,4.27,54.1
ORD_12640,8.9,20.6,Jam,Cloudy,Afternoon,4.57,78.1
ORD_12641,15.6,15.5,High,Rainy,Afternoon,4.57,85.7
ORD_12642,5.57,25.1,Medium,Sunny,Evening,4.82,36.5
ORD_12643,3.71,16.8,High,Sunny,Evening,4.3,34.9
ORD_12644,7.07,19.4,Low,Stormy,Afternoon,4.63,44.1
ORD_12645,5.75,9.9,High,Foggy,Evening,4.6,37.8
ORD_12646,5.14,10.3,Low,Sunny,Morning,4.14,19.8
ORD_12647,4.71,20.0,Medium,Clear,Night,4.73,32.6
ORD_12648,7.94,12.0,Medium,Cloudy,Evening,4.55,35.8
ORD_12649,4.3,32.6,High,Clear,Afternoon,3.88,44.7
ORD_12650,10.07,8.0,Medium,Cloudy,Evening,3.99,38.8
ORD_12651,9.8,15.2,Jam,Sunny,Afternoon,4.52,80.3
ORD_12652,8.36,20.1,High,Cloudy,Evening,4.64,57.8
ORD_12653,3.38,17.8,Jam,Sunny,Evening,4.63,43.1
ORD_12654,7.74,13.4,High,Foggy,Evening,4.78,44.3
ORD_12655,11.81,14.3,Jam,Clear,Morning,4.49,96.6
ORD_12656,10.48,14.1,Medium,Clear,Night,4.31,42.1
ORD_12657,9.66,18.3,High,Rainy,Evening,4.77,64.6
ORD_12658,6.75,31.7,Medium,Sunny,Evening,4.86,50.8
ORD_12659,6.57,20.5,Medium,Sunny,Afternoon,4.58,36.9
ORD_12660,12.88,27.1,Medium,Foggy,Afternoon,4.73,66.3
ORD_12661,7.87,23.0,Low,Sunny,Evening,4.73,43.4
ORD_12662,7.93,26.7,High,Cloudy,Evening,4.78,61.0
ORD_12663,25.0,8.0,Low,Clear,Night,4.87,54.1
ORD_12664,5.5,18.2,Medium,Cloudy,Afternoon,4.43,33.2
ORD_12665,1.26,27.8,Medium,Sunny,Evening,4.31,40.6
ORD_12666,6.0,16.6,Medium,Sunny,Evening,4.75,79.0
ORD_12667,6.21,30.6,Low,Rainy,Afternoon,4.43,46.4
ORD_12668,7.8,28.9,Medium,Sunny,Afternoon,4.58,44.9
ORD_12669,8.86,17.2,Low,Stormy,Morning,3.97,55.2
ORD_12670,1.46,17.0,High,Rainy,Evening,4.76,30.3
ORD_12671,8.96,13.9,Low,,Night,3.97,25.3
ORD_12672,6.44,16.2,High,Sunny,Night,4.85,35.3
ORD_12673,5.65,12.6,Jam,Sunny,Evening,4.77,53.5
ORD_12674,2.04,22.6,Medium,Clear,Afternoon,4.32,27.2
ORD_12675,14.36,11.3,Medium,Clear,Evening,4.39,49.2
ORD_12676,5.1,23.6,Low,Clear,Night,4.91,31.0
ORD_12677,9.74,23.8,Jam,Foggy,Evening,4.6,99.0
ORD_12678,3.89,10.0,Medium,Clear,Afternoon,4.57,21.4
ORD_12679,8.0,29.3,Medium,Cloudy,Night,4.62,46.2
ORD_12680,5.71,23.1,Jam,Sunny,Evening,4.41,64.3
ORD_12681,9.57,24.5,High,Sunny,Night,4.65,62.8
ORD_12682,5.59,15.4,Medium,Sunny,Night,4.75,27.6
ORD_12683,3.78,23.7,High,Clear,Afternoon,4.04,36.1
ORD_12684,6.61,26.8,High,Rainy,Night,4.03,54.1
ORD_12685,6.41,19.4,Jam,Foggy,Evening,4.24,70.4
ORD_12686,7.7,32.0,Medium,Cloudy,Morning,4.37,52.4
ORD_12687,11.19,20.3,Jam,,Evening,4.36,103.5
ORD_12688,3.23,26.8,High,Clear,Evening,4.14,42.3
ORD_12689,10.88,21.8,Medium,Clear,Afternoon,4.29,46.4
ORD_12690,2.9,23.5,Low,Sunny,Night,4.35,31.1
ORD_12691,9.37,10.0,Medium,Rainy,Morning,4.78,39.7
ORD_12692,9.53,22.2,Low,Clear,Night,4.65,43.7
ORD_12693,4.93,15.6,High,Sunny,Morning,4.49,37.2
ORD_12694,4.02,14.9,,Clear,Afternoon,4.32,21.6
ORD_12695,3.89,30.5,Jam,Stormy,Afternoon,4.39,65.8
ORD_12696,6.98,18.7,Medium,Cloudy,Evening,4.3,42.0
ORD_12697,9.88,14.0,Medium,Sunny,Afternoon,4.86,38.4
ORD_12698,6.1,17.8,High,Stormy,Night,4.47,50.6
ORD_12699,1.14,12.2,,Clear,Evening,4.61,13.4
ORD_12700,4.73,28.6,Jam,Sunny,Evening,4.46,62.2
ORD_12701,4.63,15.8,Low,Clear,Morning,4.86,24.5
ORD_12702,8.82,23.2,Jam,Clear,Evening,4.58,84.3
ORD_12703,9.08,28.1,Low,Clear,Night,4.15,43.8
ORD_12704,7.29,17.0,Low,,Afternoon,4.02,34.2
ORD_12705,10.89,23.2,High,Foggy,Morning,4.86,66.4
ORD_12706,11.34,13.8,Medium,Sunny,Evening,3.78,51.3
ORD_12707,4.91,34.7,High,Clear,Night,4.27,46.6
ORD_12708,3.83,25.6,Jam,Cloudy,Evening,4.58,52.3
ORD_12709,6.36,18.8,Low,Cloudy,Afternoon,4.71,27.2
ORD_12710,7.28,15.4,High,Stormy,Evening,4.26,59.8
ORD_12711,4.75,19.3,Low,Sunny,Night,4.56,27.3
ORD_12712,25.0,18.0,Medium,Cloudy,Morning,4.18,87.9
ORD_12713,13.9,31.7,Medium,Sunny,Morning,4.42,67.3
ORD_12714,4.48,12.6,Medium,Clear,Morning,4.62,26.1
ORD_12715,3.32,20.8,Jam,Sunny,Morning,4.12,40.4
ORD_12716,4.25,19.9,Medium,Sunny,Afternoon,4.12,26.1
ORD_12717,11.45,19.3,Medium,Sunny,Afternoon,4.39,51.1
ORD_12718,11.6,19.3,High,Cloudy,Evening,4.41,69.3
ORD_12719,14.0,19.3,Medium,Sunny,Afternoon,4.3,54.4
ORD_12720,3.76,25.2,High,Foggy,Afternoon,4.36,41.0
ORD_12721,8.8,23.7,Low,Stormy,Night,4.31,59.9
ORD_12722,3.99,22.5,High,Sunny,Morning,4.63,39.7
ORD_12723,15.63,8.0,High,,Afternoon,3.85,64.8
ORD_12724,3.84,21.8,,Sunny,Afternoon,4.74,30.1
ORD_12725,2.83,10.1,High,Sunny,Evening,4.79,17.8
ORD_12726,3.2,23.9,Jam,Stormy,Evening,4.59,61.4
ORD_12727,6.63,28.8,Jam,Clear,Evening,4.52,73.6
ORD_12728,9.8,14.4,Medium,Sunny,Evening,4.89,47.3
ORD_12729,9.45,18.4,Low,Clear,Night,4.74,35.9
ORD_12730,3.29,16.4,High,,Evening,4.79,24.1
ORD_12731,5.26,27.4,,Clear,Morning,4.76,45.6
ORD_12732,4.84,20.6,Medium,Rainy,Afternoon,4.34,40.2
ORD_12733,2.98,30.4,High,Sunny,Evening,4.8,47.6
ORD_12734,4.77,22.5,Low,,Night,4.35,35.6
ORD_12735,13.67,21.5,Medium,Stormy,Afternoon,4.66,68.8
ORD_12736,2.71,20.4,Low,Cloudy,Afternoon,4.21,24.1
ORD_12737,7.57,24.9,Low,,Night,4.43,40.7
ORD_12738,13.84,9.6,Low,Clear,Morning,4.62,38.6
ORD_12739,13.46,20.5,High,Foggy,Evening,4.49,72.7
ORD_12740,16.03,19.6,Jam,Cloudy,Morning,4.1,126.3
ORD_12741,7.99,24.4,Medium,Clear,Morning,4.16,41.4
ORD_12742,8.67,18.9,Medium,Sunny,Evening,4.91,47.1
ORD_12743,4.82,13.8,Jam,Clear,Evening,4.03,52.2
ORD_12744,2.66,20.0,Low,Cloudy,Morning,4.39,92.2
ORD_12745,6.1,13.5,Low,Clear,Evening,4.83,29.5
ORD_12746,12.22,8.4,Medium,Cloudy,Morning,4.72,35.9
ORD_12747,1.13,24.4,High,Cloudy,Evening,4.79,32.5
ORD_12748,4.96,23.5,High,Clear,Afternoon,4.29,44.3
ORD_12749,9.14,22.8,Jam,,Evening,4.59,88.9
ORD_12750,6.68,27.8,High,Cloudy,Evening,4.53,56.3
ORD_12751,13.05,16.0,Medium,Sunny,Morning,4.79,49.6
ORD_12752,11.54,11.4,Low,Foggy,Morning,4.12,42.3
ORD_12753,2.43,19.6,Low,Rainy,Night,4.28,25.0
ORD_12754,7.01,17.9,Jam,Cloudy,Afternoon,4.42,64.8
ORD_12755,4.11,14.9,High,Clear,Evening,4.72,29.1
ORD_12756,4.08,19.5,Low,Sunny,Morning,4.67,28.5
ORD_12757,2.57,16.3,Low,Rainy,Night,4.07,67.9
ORD_12758,7.7,9.0,Low,Cloudy,Night,4.66,25.1
ORD_12759,13.2,17.4,Medium,Sunny,Morning,4.5,46.4
ORD_12760,8.09,13.2,High,Foggy,Evening,4.75,48.6
ORD_12761,2.45,21.4,Medium,Clear,Night,4.37,31.8
ORD_12762,6.46,16.1,Medium,Clear,Afternoon,4.01,31.6
ORD_12763,8.94,26.7,High,Rainy,Afternoon,4.81,68.9
ORD_12764,6.18,29.6,High,Clear,Afternoon,4.51,48.6
ORD_12765,8.01,24.1,High,,Morning,4.92,48.8
ORD_12766,4.33,10.7,Medium,Foggy,Evening,4.41,32.9
ORD_12767,5.75,29.0,High,Cloudy,Evening,4.55,56.4
ORD_12768,5.54,29.5,High,Cloudy,Evening,4.38,52.8
ORD_12769,14.53,20.1,Low,Cloudy,Afternoon,4.92,51.9
ORD_12770,3.34,27.9,Jam,Clear,Evening,4.23,50.8
ORD_12771,1.26,16.7,Medium,Sunny,Evening,4.36,19.6
ORD_12772,14.03,8.8,High,Cloudy,Evening,4.26,65.4
ORD_12773,7.15,15.4,Low,Clear,Night,4.31,26.4
ORD_12774,2.87,30.4,High,Rainy,Morning,4.57,44.5
ORD_12775,10.98,11.1,Medium,Clear,Evening,4.61,40.0
ORD_12776,9.25,20.0,High,Clear,Evening,4.87,56.7
ORD_12777,15.82,20.2,Low,Clear,Afternoon,4.31,51.7
ORD_12778,7.48,16.9,Low,Sunny,Morning,4.38,39.1
ORD_12779,21.98,17.3,Jam,Foggy,Afternoon,3.94,172.6
ORD_12780,6.21,20.4,Low,Sunny,Night,4.72,26.4
ORD_12781,9.26,16.6,High,Clear,Evening,4.03,62.4
ORD_12782,10.01,11.5,High,Clear,Evening,4.18,51.8
ORD_12783,25.0,21.3,Low,Sunny,Morning,4.9,138.2
ORD_12784,5.08,26.4,Low,Clear,Night,4.83,31.2
ORD_12785,4.98,25.2,Low,Clear,Afternoon,4.4,33.7
ORD_12786,10.13,15.1,High,Cloudy,Evening,4.13,57.3
ORD_12787,2.7,12.5,Jam,Rainy,Evening,4.56,41.4
ORD_12788,4.1,18.3,High,Rainy,Morning,4.59,43.2
ORD_12789,6.11,29.4,Jam,Rainy,Evening,4.78,77.4
ORD_12790,15.55,23.9,Medium,Sunny,Morning,4.74,65.9
ORD_12791,10.13,24.2,Jam,Cloudy,Morning,4.6,91.4
ORD_12792,6.98,25.3,Medium,Sunny,Evening,4.48,99.4
ORD_12793,4.79,22.5,Medium,Clear,Morning,4.4,32.7
ORD_12794,18.96,20.7,Medium,Sunny,Afternoon,4.31,64.1
ORD_12795,6.43,24.0,Low,Clear,Afternoon,4.46,34.2
ORD_12796,4.09,16.7,High,Clear,Afternoon,4.76,29.8
ORD_12797,20.95,11.5,Low,Clear,Morning,4.62,47.6
ORD_12798,2.79,24.3,High,Foggy,Evening,4.65,40.3
ORD_12799,13.43,27.4,Medium,Rainy,Morning,4.7,65.9
ORD_12800,6.73,13.3,Low,Sunny,Evening,4.4,28.1
ORD_12801,10.12,24.9,Medium,Clear,Evening,4.74,53.4
ORD_12802,9.12,30.1,Medium,Clear,Afternoon,3.89,52.9
ORD_12803,10.04,20.0,High,Sunny,Night,4.22,53.4
ORD_12804,22.0,15.1,Medium,Cloudy,Morning,4.09,71.3
ORD_12805,20.16,20.7,Medium,Rainy,Afternoon,4.21,80.7
ORD_12806,4.24,16.7,Low,Clear,Morning,4.77,22.1
ORD_12807,8.92,16.3,,Sunny,Afternoon,4.62,34.5
ORD_12808,1.87,22.6,Low,Stormy,Night,4.29,33.9
ORD_12809,10.65,10.4,High,Clear,Morning,4.83,103.6
ORD_12810,12.07,11.3,Medium,Sunny,Evening,4.75,45.5
ORD_12811,1.28,20.1,High,Clear,Evening,4.54,24.6
ORD_12812,6.58,19.9,,Clear,Morning,4.28,36.7
ORD_12813,10.11,22.1,Low,Rainy,Night,4.55,44.5
ORD_12814,8.21,31.3,Medium,Cloudy,Night,4.62,49.4
ORD_12815,2.83,20.6,Medium,Sunny,Night,4.6,29.4
ORD_12816,3.06,23.6,Medium,Sunny,Evening,4.43,32.9
ORD_12817,6.12,14.1,High,Rainy,Afternoon,4.37,39.5
ORD_12818,5.08,24.6,High,Clear,Afternoon,4.41,38.2
ORD_12819,5.39,16.8,High,Clear,Evening,4.8,35.2
ORD_12820,2.55,20.4,Medium,Foggy,Afternoon,4.08,28.1
ORD_12821,6.8,19.3,Medium,Rainy,Evening,4.7,47.5
ORD_12822,15.62,26.2,Jam,Cloudy,Evening,4.21,133.8
ORD_12823,2.92,12.1,Medium,Cloudy,Afternoon,4.83,19.4
ORD_12824,5.81,8.0,Low,Clear,Afternoon,4.11,17.9
ORD_12825,9.48,18.7,Low,Foggy,Night,4.81,38.2
ORD_12826,2.12,22.8,Medium,Sunny,Afternoon,4.1,30.7
ORD_12827,6.84,20.9,Low,Clear,Afternoon,4.22,36.3
ORD_12828,11.86,27.4,Medium,Sunny,Morning,4.64,62.1
ORD_12829,3.38,22.6,Medium,Clear,Afternoon,4.05,28.3
ORD_12830,7.24,16.6,High,Clear,Afternoon,4.02,42.5
ORD_12831,11.38,8.0,High,Clear,Morning,4.72,50.8
ORD_12832,21.37,18.6,Medium,Clear,Morning,4.57,76.6
ORD_12833,7.02,26.2,Jam,Clear,Evening,4.6,72.7
ORD_12834,4.16,17.6,Medium,Clear,Afternoon,4.64,29.6
ORD_12835,1.65,20.2,Medium,Clear,Morning,4.38,22.7
ORD_12836,4.18,22.5,Low,Clear,Night,4.44,31.4
ORD_12837,2.45,13.9,Low,Clear,Evening,4.81,20.2
ORD_12838,16.32,23.7,Low,Clear,Morning,4.97,50.2
ORD_12839,11.0,29.8,Low,Sunny,Night,4.29,48.5
ORD_12840,3.06,19.0,High,Sunny,Afternoon,4.04,32.2
ORD_12841,4.0,13.2,Medium,Clear,Afternoon,4.67,13.2
ORD_12842,6.95,19.6,Low,Clear,Night,4.37,33.6
ORD_12843,11.81,8.0,High,Foggy,Morning,4.77,52.4
ORD_12844,8.93,22.0,Medium,Sunny,Night,4.82,41.0
ORD_12845,8.44,22.7,High,Cloudy,Evening,4.25,58.0
ORD_12846,7.52,30.1,Low,Cloudy,Afternoon,4.64,36.2
ORD_12847,3.17,18.8,High,Clear,Morning,4.44,66.3
ORD_12848,7.0,22.5,Low,Sunny,Morning,4.84,36.2
ORD_12849,6.51,14.8,Medium,Cloudy,Morning,3.99,39.2
ORD_12850,2.42,17.9,Medium,Sunny,Night,4.69,24.0
ORD_12851,16.1,10.8,Medium,Cloudy,Afternoon,4.78,53.7
ORD_12852,4.54,18.8,High,Rainy,Morning,4.35,36.6
ORD_12853,2.47,18.2,Low,Sunny,Evening,4.79,23.3
ORD_12854,5.04,21.8,High,Clear,Afternoon,4.6,45.0
ORD_12855,5.67,16.3,Medium,Clear,Afternoon,4.55,32.4
ORD_12856,6.39,20.5,Medium,Clear,Morning,4.92,34.1
ORD_12857,5.61,18.0,Jam,Clear,Evening,4.95,56.8
ORD_12858,6.61,18.0,Medium,Sunny,Morning,4.92,36.6
ORD_12859,7.3,20.5,High,Clear,Afternoon,4.56,49.6
ORD_12860,7.07,20.2,Low,Foggy,Morning,4.94,37.2
ORD_12861,8.4,24.6,Jam,Cloudy,Evening,4.9,82.6
ORD_12862,8.7,19.3,High,Sunny,Afternoon,4.83,51.6
ORD_12863,8.82,17.9,Jam,Clear,Morning,4.04,80.5
ORD_12864,10.11,18.9,Jam,Clear,Evening,4.67,86.8
ORD_12865,4.22,15.7,Medium,Rainy,Evening,4.42,29.9
ORD_12866,4.32,17.8,Medium,Sunny,Afternoon,4.57,27.2
ORD_12867,11.84,32.2,Jam,Clear,Evening,4.11,110.1
ORD_12868,5.14,14.5,High,Rainy,Afternoon,4.44,45.7
ORD_12869,6.17,18.3,High,Clear,Evening,4.48,40.6
ORD_12870,5.84,17.7,Medium,Sunny,Evening,4.66,33.6
ORD_12871,20.94,18.5,Low,Stormy,Night,4.42,67.8
ORD_12872,3.76,18.0,High,Clear,Evening,4.05,33.4
ORD_12873,3.71,21.7,High,Cloudy,Morning,4.98,38.7
ORD_12874,6.62,9.7,High,Foggy,Evening,4.94,43.8
ORD_12875,5.94,26.2,Low,Clear,Evening,4.22,41.9
ORD_12876,3.04,23.8,Medium,Rainy,Night,4.68,38.9
ORD_12877,6.3,12.5,High,Sunny,Morning,4.72,34.1
ORD_12878,6.73,8.0,High,Rainy,Evening,4.52,38.9
ORD_12879,4.81,14.1,Jam,Clear,Evening,4.37,46.2
ORD_12880,6.07,18.5,High,Stormy,Evening,4.47,58.6
ORD_12881,4.0,35.5,High,Cloudy,Night,4.41,53.8
ORD_12882,3.04,23.3,High,Cloudy,Evening,4.63,34.2
ORD_12883,5.11,9.2,Jam,Rainy,Evening,4.27,51.7
ORD_12884,3.37,15.9,High,Sunny,Afternoon,4.63,26.5
ORD_12885,2.64,19.7,Medium,Clear,Afternoon,4.78,22.4
ORD_12886,1.6,21.5,,Clear,Afternoon,4.83,32.3
ORD_12887,7.6,12.1,Medium,Clear,Morning,4.34,34.4
ORD_12888,5.01,19.2,Medium,Cloudy,Afternoon,4.07,40.4
ORD_12889,11.88,15.7,Low,Rainy,Morning,4.25,51.4
ORD_12890,5.27,13.4,High,Sunny,Evening,4.5,37.5
ORD_12891,7.58,21.6,High,Sunny,Evening,4.1,51.4
ORD_12892,4.39,24.6,High,Rainy,Evening,4.89,51.4
ORD_12893,6.5,25.0,High,Clear,Evening,4.83,98.2
ORD_12894,1.61,23.4,Low,Cloudy,Evening,4.48,31.9
ORD_12895,5.07,17.0,Medium,Clear,Afternoon,3.73,31.3
ORD_12896,3.77,24.3,Low,Clear,Night,4.71,29.2
ORD_12897,11.2,21.9,Medium,Cloudy,Morning,4.27,49.5
ORD_12898,7.3,20.8,Jam,Clear,Night,4.15,70.5
ORD_12899,10.33,16.3,Jam,Clear,Evening,4.13,84.9
ORD_12900,12.61,17.0,Medium,Cloudy,Morning,4.07,54.1
ORD_12901,4.81,20.4,Medium,Sunny,Afternoon,4.14,33.9
ORD_12902,7.11,34.6,Medium,Sunny,Morning,4.49,53.7
ORD_12903,3.16,21.8,Low,Stormy,Morning,4.51,38.8
ORD_12904,8.25,16.3,Jam,Cloudy,Afternoon,4.9,69.0
ORD_12905,8.94,15.0,High,Sunny,Evening,4.4,46.3
ORD_12906,7.93,17.0,Medium,Sunny,Morning,4.57,39.2
ORD_12907,4.8,33.1,High,Cloudy,Evening,4.26,55.2
ORD_12908,16.93,17.6,Medium,Clear,Evening,4.2,60.9
ORD_12909,6.72,25.4,Medium,Sunny,Evening,4.22,44.4
ORD_12910,25.0,17.7,Medium,Clear,Afternoon,4.15,83.0
ORD_12911,3.17,21.6,Medium,Clear,Morning,4.38,26.3
ORD_12912,9.43,24.8,Low,Sunny,Morning,4.07,42.0
ORD_12913,11.39,16.6,Jam,Cloudy,Evening,4.62,91.1
ORD_12914,3.22,16.2,High,Sunny,Evening,4.19,27.7
ORD_12915,5.67,30.0,Jam,Sunny,Evening,4.16,69.7
ORD_12916,2.43,25.9,High,Sunny,Morning,4.62,38.0
ORD_12917,12.88,24.7,High,Cloudy,Afternoon,4.74,74.9
ORD_12918,6.26,24.7,Medium,Clear,Evening,4.89,44.5
ORD_12919,3.78,22.8,High,Sunny,Evening,4.21,41.5
ORD_12920,11.47,32.1,Low,Clear,Night,4.81,48.1
ORD_12921,6.61,20.3,Low,Clear,Night,4.64,35.5
ORD_12922,10.6,23.5,High,Sunny,Evening,4.74,67.0
ORD_12923,8.55,11.3,High,Clear,Afternoon,4.92,46.9
ORD_12924,3.45,15.1,Medium,Sunny,Afternoon,4.86,27.0
ORD_12925,4.7,12.8,Medium,Foggy,Afternoon,4.03,29.2
ORD_12926,3.85,27.6,Low,Cloudy,Night,4.22,33.4
ORD_12927,3.03,8.0,High,Rainy,Afternoon,4.6,18.5
ORD_12928,1.99,17.6,Jam,Sunny,Evening,4.5,33.4
ORD_12929,18.8,8.0,Medium,Rainy,Night,3.96,61.0
ORD_12930,7.84,15.0,Jam,Clear,Evening,4.63,67.1
ORD_12931,8.52,17.1,High,Sunny,Evening,4.84,48.9
ORD_12932,12.19,28.3,Low,Sunny,Morning,4.28,53.2
ORD_12933,4.67,22.4,High,Rainy,Morning,4.46,41.3
ORD_12934,2.56,15.0,Medium,Clear,Evening,4.77,26.7
ORD_12935,10.08,26.4,Low,Clear,Night,4.24,46.4
ORD_12936,2.87,20.1,Medium,Stormy,Night,4.31,38.6
ORD_12937,9.95,20.2,High,Clear,Morning,4.5,57.3
ORD_12938,2.29,12.8,Medium,Clear,Afternoon,4.75,18.0
ORD_12939,2.73,14.1,,Sunny,Evening,4.81,36.1
ORD_12940,4.38,15.0,High,Sunny,Evening,4.56,39.4
ORD_12941,9.74,20.3,Low,Rainy,Morning,4.4,44.2
ORD_12942,15.7,20.5,Medium,Sunny,Afternoon,4.48,62.9
ORD_12943,8.51,29.3,High,Sunny,Night,4.4,58.7
ORD_12944,4.49,22.3,Low,Clear,Night,3.64,29.2
ORD_12945,11.12,8.0,High,Sunny,Evening,3.94,52.0
ORD_12946,2.23,21.6,High,Clear,Evening,4.75,34.7
ORD_12947,3.58,11.3,Medium,Clear,Afternoon,4.82,16.9
ORD_12948,7.0,14.2,Medium,Foggy,Evening,4.47,39.1
ORD_12949,10.27,15.1,Low,,Morning,4.37,33.1
ORD_12950,5.85,16.0,Medium,Cloudy,Afternoon,4.6,29.6
ORD_12951,5.47,11.7,Medium,Foggy,Morning,4.58,34.3
ORD_12952,5.67,21.2,High,Clear,Afternoon,4.88,40.7
ORD_12953,12.13,11.5,Medium,Clear,Night,4.25,38.3
ORD_12954,4.02,22.1,Low,Sunny,Night,4.53,26.3
ORD_12955,3.42,33.4,High,Clear,Evening,4.54,49.0
ORD_12956,5.62,12.0,High,Cloudy,Evening,4.27,36.9
ORD_12957,13.08,18.3,Medium,Clear,Afternoon,4.27,50.5
ORD_12958,4.33,8.0,High,Stormy,Evening,4.24,39.9
ORD_12959,5.66,18.2,Medium,Rainy,Evening,4.86,43.8
ORD_12960,2.21,23.9,Jam,Rainy,Evening,4.69,49.0
ORD_12961,5.81,24.3,High,Clear,Morning,4.7,45.0
ORD_12962,7.62,20.5,Medium,Clear,Evening,4.53,41.9
ORD_12963,2.87,25.3,High,Clear,Afternoon,4.54,32.5
ORD_12964,12.14,35.3,Low,Cloudy,Morning,4.14,60.1
ORD_12965,7.56,30.3,Low,Clear,Evening,4.8,43.8
ORD_12966,4.77,16.9,Jam,Rainy,Morning,4.62,56.0
ORD_12967,7.6,11.3,High,Sunny,Evening,4.73,41.0
ORD_12968,8.8,17.6,Medium,Sunny,Evening,4.82,40.2
ORD_12969,1.78,14.3,High,Sunny,Afternoon,4.36,20.7
ORD_12970,7.77,22.7,Medium,Sunny,Night,4.51,41.0
ORD_12971,12.82,12.9,Jam,Clear,Evening,4.36,103.9
ORD_12972,3.99,19.6,Low,Clear,Morning,4.51,70.0
ORD_12973,4.83,25.0,Jam,,Evening,4.47,62.1
ORD_12974,5.35,19.4,High,Cloudy,Afternoon,4.23,39.4
ORD_12975,10.33,14.3,High,Clear,Evening,4.26,56.4
ORD_12976,3.22,27.0,High,Rainy,Evening,4.27,53.7
ORD_12977,8.57,8.7,Low,Rainy,Morning,4.65,31.2
ORD_12978,5.41,18.0,,Clear,Evening,4.14,34.6
ORD_12979,16.11,19.8,Low,Sunny,Night,4.82,47.8
ORD_12980,5.61,20.1,High,Clear,Afternoon,4.21,40.4
ORD_12981,1.11,21.1,High,Clear,Morning,4.13,29.9
ORD_12982,9.5,23.7,Medium,Rainy,Morning,4.38,53.4
ORD_12983,8.32,19.8,High,Stormy,Morning,4.66,67.9
ORD_12984,7.37,17.8,High,Sunny,Morning,4.03,48.7
ORD_12985,12.63,17.6,Medium,Foggy,Afternoon,4.84,52.3
ORD_12986,1.98,16.3,,Cloudy,Afternoon,4.28,21.0
ORD_12987,3.61,24.7,Medium,Sunny,Morning,4.13,34.4
ORD_12988,6.48,16.1,,Sunny,Evening,4.7,37.4
ORD_12989,7.14,25.1,Low,Clear,Night,4.06,40.6
ORD_12990,5.92,20.1,Low,Clear,Night,4.57,31.5
ORD_12991,2.23,16.9,High,Sunny,Afternoon,4.23,24.5
ORD_12992,4.86,23.7,Low,Sunny,Evening,4.87,34.2
ORD_12993,15.48,15.6,Low,Sunny,Night,4.63,44.2
ORD_12994,3.12,23.8,Jam,Cloudy,Night,4.25,43.9
ORD_12995,6.39,21.3,Medium,,Night,4.49,37.8
ORD_12996,8.59,16.4,High,Sunny,Evening,4.83,50.4
ORD_12997,10.17,23.2,Medium,Sunny,Afternoon,4.14,51.4
ORD_12998,9.47,23.3,Medium,Clear,Morning,4.46,42.8
ORD_12999,4.64,26.9,High,Foggy,Evening,4.91,48.7
ORD_13000,3.6,25.8,Medium,Cloudy,Morning,4.29,35.7
ORD_13001,16.18,22.9,Low,Clear,Night,4.31,52.9
ORD_13002,10.73,13.2,Medium,Cloudy,Afternoon,4.25,39.9
ORD_13003,6.76,34.7,Jam,Sunny,Night,4.85,83.6
ORD_13004,13.84,11.6,Medium,Sunny,Evening,4.22,45.1
ORD_13005,2.2,25.7,Medium,Stormy,Afternoon,4.12,48.0
ORD_13006,2.58,22.6,Medium,,Morning,4.5,34.2
ORD_13007,1.14,13.0,Medium,,Afternoon,4.53,23.3
ORD_13008,7.1,19.3,Low,Foggy,Evening,4.35,39.0
ORD_13009,7.3,19.5,Jam,Clear,Evening,4.27,70.6
ORD_13010,2.41,27.8,Low,Clear,Night,4.69,32.4
ORD_13011,10.51,15.7,Medium,Sunny,Morning,4.23,37.7
ORD_13012,1.54,18.4,Medium,Cloudy,Morning,4.19,22.5
ORD_13013,8.02,8.0,High,Rainy,Morning,4.16,44.1
ORD_13014,9.09,30.4,Jam,Rainy,Afternoon,4.49,98.7
ORD_13015,7.05,13.6,Medium,Sunny,Evening,4.53,36.4
ORD_13016,2.17,22.0,Medium,Cloudy,Morning,4.12,35.6
ORD_13017,12.55,19.4,Medium,Cloudy,Evening,4.33,49.0
ORD_13018,4.74,19.4,High,Clear,Afternoon,4.81,32.5
ORD_13019,4.75,24.9,Medium,,Afternoon,4.64,34.5
ORD_13020,4.17,30.0,Jam,Cloudy,Evening,4.92,62.1
ORD_13021,9.66,21.5,Jam,Cloudy,Evening,3.96,92.8
ORD_13022,4.6,23.9,Medium,Sunny,Afternoon,4.73,30.4
ORD_13023,2.92,22.0,Medium,Clear,Evening,4.49,32.4
ORD_13024,11.21,26.1,Medium,Clear,Afternoon,4.65,45.1
ORD_13025,6.3,17.2,Low,Cloudy,Evening,4.2,34.0
ORD_13026,11.43,26.5,Medium,,Night,3.91,59.2
ORD_13027,6.58,26.7,Low,Foggy,Evening,4.64,45.5
ORD_13028,3.99,26.5,Medium,Sunny,Afternoon,4.21,34.9
ORD_13029,1.73,16.0,Medium,Rainy,Evening,4.23,29.6
ORD_13030,7.11,19.0,Low,Clear,Evening,4.64,35.0
ORD_13031,5.35,21.4,Medium,Rainy,Afternoon,4.39,46.0
ORD_13032,9.89,11.8,High,Sunny,Evening,4.67,46.7
ORD_13033,4.46,29.6,Low,Rainy,Afternoon,4.17,43.8
ORD_13034,8.16,19.9,High,Clear,Evening,4.54,54.0
ORD_13035,6.42,21.7,High,Rainy,Afternoon,4.23,52.1
ORD_13036,3.76,16.5,High,Sunny,Night,4.39,29.2
ORD_13037,4.69,12.0,Jam,,Evening,4.52,43.5
ORD_13038,2.54,16.4,Medium,Clear,Afternoon,4.22,24.8
ORD_13039,16.8,21.3,High,Clear,Afternoon,4.66,128.0
ORD_13040,8.06,24.0,Medium,Sunny,Afternoon,3.96,41.3
ORD_13041,2.41,21.0,Medium,Clear,Morning,4.23,33.4
ORD_13042,16.33,22.1,Medium,Sunny,Morning,3.97,60.3
ORD_13043,3.09,18.0,Medium,Rainy,Afternoon,4.68,28.7
ORD_13044,4.42,23.0,High,Stormy,Evening,4.52,53.2
ORD_13045,5.6,28.9,Medium,Clear,Afternoon,4.24,40.8
ORD_13046,6.52,24.2,Medium,Clear,Morning,4.78,39.9
ORD_13047,9.74,24.9,High,Sunny,Evening,4.75,66.2
ORD_13048,1.43,21.8,,Clear,Morning,4.56,28.5
ORD_13049,6.58,11.0,Medium,Rainy,Afternoon,4.64,32.5
ORD_13050,5.42,13.7,Medium,Sunny,Morning,4.58,32.3
ORD_13051,7.19,22.7,Jam,Cloudy,Evening,4.68,72.5
ORD_13052,5.26,19.9,Low,Clear,Morning,4.56,29.8
ORD_13053,4.83,22.6,Jam,Cloudy,Afternoon,4.66,55.3
ORD_13054,6.0,30.1,Jam,Stormy,Evening,4.9,87.8
ORD_13055,15.83,24.4,Medium,Sunny,Morning,4.71,60.1
ORD_13056,4.89,27.6,High,Foggy,Afternoon,4.48,46.9
ORD_13057,12.23,20.6,Jam,Clear,Afternoon,4.68,103.6
ORD_13058,7.01,15.2,Low,Clear,Night,4.65,31.4
ORD_13059,6.82,19.7,Low,Foggy,Evening,4.68,38.0
ORD_13060,7.23,15.2,High,Cloudy,Night,4.93,37.2
ORD_13061,8.57,29.3,Medium,Clear,Evening,4.28,49.6
ORD_13062,5.13,24.7,Medium,Sunny,Evening,4.21,43.2
ORD_13063,11.77,23.1,High,Sunny,Night,4.84,59.5
ORD_13064,8.58,27.4,Medium,Cloudy,Afternoon,4.09,50.4
ORD_13065,2.7,8.0,High,Rainy,Evening,4.66,26.3
ORD_13066,1.12,23.5,Medium,Clear,Afternoon,4.71,22.9
ORD_13067,15.56,12.1,High,Cloudy,Evening,4.02,72.3
ORD_13068,7.36,20.0,Low,Sunny,Morning,4.31,36.3
ORD_13069,2.47,18.1,High,Sunny,Evening,4.7,79.6
ORD_13070,4.88,24.0,Low,Sunny,Night,4.79,34.1
ORD_13071,10.73,21.4,Low,Sunny,Morning,4.67,42.6
ORD_13072,5.78,28.1,Medium,Clear,Evening,4.33,96.7
ORD_13073,6.1,16.4,Medium,Sunny,Afternoon,4.92,30.3
ORD_13074,9.62,24.3,Jam,Clear,Morning,4.71,91.0
ORD_13075,7.78,21.0,High,Clear,Evening,4.38,47.3
ORD_13076,8.95,10.2,Medium,Sunny,Morning,4.65,33.6
ORD_13077,9.57,14.5,High,Clear,Evening,4.37,50.9
ORD_13078,4.06,19.1,Jam,Sunny,Morning,4.95,46.4
ORD_13079,4.31,26.7,High,Clear,Evening,4.64,41.5
ORD_13080,3.75,22.8,,Sunny,Evening,4.23,42.0
ORD_13081,4.47,13.0,Low,Stormy,Night,4.16,35.8
ORD_13082,5.96,19.2,High,Clear,Evening,4.49,41.5
ORD_13083,6.23,32.1,Low,Sunny,Morning,4.39,42.6
ORD_13084,13.61,20.7,High,Cloudy,Afternoon,4.48,70.6
ORD_13085,7.56,18.0,Low,Clear,Night,4.75,29.8
ORD_13086,6.03,23.0,High,Sunny,Evening,4.65,53.4
ORD_13087,3.22,24.6,Medium,Clear,Evening,4.74,28.7
ORD_13088,5.32,17.3,High,Clear,Evening,4.33,40.6
ORD_13089,16.21,23.0,Medium,Rainy,Afternoon,4.84,70.1
ORD_13090,16.07,18.0,,Clear,Evening,4.56,58.5
ORD_13091,5.28,24.3,,Sunny,Evening,4.91,30.4
ORD_13092,1.91,21.0,Medium,Clear,Morning,3.82,26.5
ORD_13093,4.85,22.9,Low,Clear,Night,4.28,26.8
ORD_13094,13.69,15.4,High,Clear,Afternoon,4.89,106.8
ORD_13095,5.99,15.1,Medium,Clear,Afternoon,4.3,25.3
ORD_13096,9.63,25.7,Medium,Cloudy,Morning,4.05,52.0
ORD_13097,6.41,19.5,High,Cloudy,Evening,4.52,44.7
ORD_13098,2.32,21.7,Medium,Sunny,Afternoon,4.77,29.3
ORD_13099,6.55,18.2,Low,Cloudy,Afternoon,4.37,36.0
ORD_13100,10.36,25.4,Low,Rainy,Night,3.99,49.8
ORD_13101,4.43,16.4,Medium,Stormy,Afternoon,4.35,37.6
ORD_13102,10.2,19.2,Medium,Sunny,Afternoon,3.88,50.0
ORD_13103,6.8,24.7,High,Foggy,Evening,3.86,58.1
ORD_13104,9.9,27.0,Medium,Sunny,Morning,4.44,52.8
ORD_13105,7.84,16.9,Medium,Rainy,Afternoon,4.75,41.6
ORD_13106,3.37,31.8,Medium,Sunny,Afternoon,4.63,38.3
ORD_13107,5.36,21.9,Low,Rainy,Evening,4.68,39.1
ORD_13108,5.25,13.7,Low,Sunny,Night,4.18,16.5
ORD_13109,4.29,22.2,Medium,Cloudy,Morning,4.65,39.4
ORD_13110,7.49,17.7,Medium,Sunny,Evening,4.61,38.8
ORD_13111,17.82,22.6,High,Rainy,Morning,4.14,96.9
ORD_13112,11.78,19.7,,Stormy,Afternoon,4.43,65.1
ORD_13113,12.66,20.4,High,Clear,Evening,3.88,69.4
ORD_13114,4.13,14.5,Medium,Sunny,Morning,4.54,25.9
ORD_13115,12.78,25.9,High,,Evening,3.89,74.7
ORD_13116,15.14,13.1,Jam,Clear,Afternoon,4.34,179.3
ORD_13117,4.04,13.3,Low,Foggy,Night,4.83,25.0
ORD_13118,8.35,22.2,Low,Sunny,Evening,4.71,40.3
ORD_13119,8.48,29.6,High,Sunny,Afternoon,4.89,58.6
ORD_13120,5.6,17.9,Medium,Cloudy,Morning,4.6,72.6
ORD_13121,7.14,24.2,Jam,Sunny,Morning,4.69,69.1
ORD_13122,8.72,26.4,Low,Clear,Morning,3.92,41.2
ORD_13123,5.83,24.9,Medium,Clear,Evening,4.58,40.0
ORD_13124,11.46,18.1,Low,Sunny,Night,4.53,36.8
ORD_13125,2.71,13.5,Low,Clear,Morning,4.06,18.5
ORD_13126,5.24,8.0,Medium,Clear,Afternoon,4.29,19.2
ORD_13127,9.74,18.4,Jam,Clear,Afternoon,4.42,85.2
ORD_13128,16.79,27.1,,Rainy,Evening,4.59,71.9
ORD_13129,11.87,13.3,Medium,Clear,Morning,4.17,43.2
ORD_13130,7.05,24.2,Low,Rainy,Night,4.87,43.5
ORD_13131,6.0,14.3,Medium,Cloudy,Evening,4.81,30.0
ORD_13132,5.42,20.6,Low,Clear,Night,4.53,28.4
ORD_13133,5.44,24.2,Low,Cloudy,Afternoon,4.7,35.9
ORD_13134,1.72,16.0,Low,Sunny,Evening,4.53,18.6
ORD_13135,16.41,21.0,Jam,Rainy,Evening,4.45,141.7
ORD_13136,6.28,17.5,High,Foggy,Evening,4.82,45.2
ORD_13137,3.87,24.2,High,Clear,Morning,4.77,41.2
ORD_13138,8.28,21.4,Low,Rainy,Night,4.6,44.3
ORD_13139,4.08,20.3,Low,Clear,Night,4.73,28.8
ORD_13140,10.86,29.4,Medium,Clear,Morning,4.98,58.7
ORD_13141,3.95,24.0,High,Clear,Evening,4.8,46.0
ORD_13142,9.99,15.9,Medium,Cloudy,Afternoon,4.62,42.7
ORD_13143,5.37,19.5,,Clear,Night,3.85,24.5
ORD_13144,7.66,19.5,High,Sunny,Evening,4.84,49.9
ORD_13145,10.42,20.5,Medium,Rainy,Afternoon,4.18,51.8
ORD_13146,4.63,35.1,High,Rainy,Morning,4.66,55.0
ORD_13147,10.28,22.2,Medium,Rainy,Afternoon,4.47,57.8
ORD_13148,1.78,8.0,Medium,Clear,Morning,4.67,12.0
ORD_13149,14.5,16.7,Medium,Sunny,Morning,4.77,47.9
ORD_13150,11.28,8.4,Low,Foggy,Evening,4.44,34.7
ORD_13151,6.15,18.0,High,Clear,Evening,4.43,50.0
ORD_13152,12.41,8.1,Jam,Rainy,Evening,4.8,103.3
ORD_13153,11.7,14.8,Low,Clear,Evening,4.61,40.7
ORD_13154,6.49,10.9,Medium,Cloudy,Morning,4.38,30.8
ORD_13155,6.45,22.3,Medium,Cloudy,Afternoon,3.91,37.4
ORD_13156,3.57,20.0,Low,Foggy,Evening,4.02,31.7
ORD_13157,6.7,21.8,High,Sunny,Afternoon,4.33,47.9
ORD_13158,2.27,19.4,High,Rainy,Afternoon,4.56,38.6
ORD_13159,9.92,11.6,Medium,Clear,Morning,4.33,33.7
ORD_13160,10.04,23.1,Jam,Sunny,Evening,4.56,91.6
ORD_13161,1.8,31.5,Medium,Sunny,Evening,3.89,39.9
ORD_13162,13.73,22.5,High,Sunny,Evening,4.77,74.0
ORD_13163,4.38,17.4,High,Sunny,Morning,4.81,32.7
ORD_13164,25.0,11.4,Medium,Foggy,Evening,4.61,77.6
ORD_13165,7.43,14.6,Jam,Clear,Morning,4.61,64.8
ORD_13166,13.8,22.7,Medium,Clear,Evening,4.68,59.4
ORD_13167,3.49,26.4,High,Foggy,Afternoon,4.83,44.7
ORD_13168,5.37,21.6,Medium,Sunny,Night,4.27,32.9
ORD_13169,4.62,24.8,High,Sunny,Evening,4.35,46.6
ORD_13170,2.24,24.2,Medium,Clear,Evening,4.94,31.9
ORD_13171,2.71,23.0,Medium,Clear,Evening,4.72,35.0
ORD_13172,6.0,16.0,Medium,Clear,Evening,4.23,32.7
ORD_13173,8.11,21.0,Medium,Clear,Morning,4.42,44.3
ORD_13174,3.24,14.9,Medium,Cloudy,Evening,4.62,25.6
ORD_13175,5.16,20.1,High,Cloudy,Evening,4.33,45.2
ORD_13176,4.06,22.0,Medium,Rainy,Evening,4.11,45.9
ORD_13177,6.25,30.1,Low,Clear,Morning,4.48,45.4
ORD_13178,9.49,12.1,Medium,Clear,Morning,4.46,35.3
ORD_13179,6.91,22.9,High,Sunny,Evening,4.51,49.2
ORD_13180,4.49,28.9,High,Clear,Evening,4.65,50.4
ORD_13181,11.48,24.6,Low,Rainy,Afternoon,4.87,50.0
ORD_13182,7.96,25.0,Medium,Sunny,Afternoon,4.81,46.2
ORD_13183,7.03,23.5,Jam,Foggy,Evening,4.75,73.3
ORD_13184,3.27,27.8,Low,Clear,Morning,4.61,35.1
ORD_13185,10.81,13.5,High,Clear,Afternoon,4.78,51.4
ORD_13186,8.43,11.7,High,Clear,Evening,3.91,41.5
ORD_13187,8.68,20.0,Low,Clear,Afternoon,4.39,33.2
ORD_13188,5.65,8.0,High,Cloudy,Evening,4.18,32.2
ORD_13189,5.05,27.4,,Foggy,Morning,3.94,73.0
ORD_13190,16.46,27.3,High,Clear,Night,3.92,79.2
ORD_13191,5.0,17.4,High,Clear,Evening,4.26,37.6
ORD_13192,2.84,17.8,Medium,Clear,Afternoon,4.75,22.4
ORD_13193,7.24,19.6,Low,Sunny,Night,4.55,28.2
ORD_13194,6.45,20.3,High,Sunny,Evening,4.42,45.5
ORD_13195,11.77,20.8,Low,Cloudy,Night,4.62,41.7
ORD_13196,5.92,23.3,Jam,Cloudy,Evening,4.0,65.3
ORD_13197,9.32,19.0,Medium,Sunny,Evening,4.58,45.2
ORD_13198,14.25,25.7,High,Sunny,Evening,4.2,86.5
ORD_13199,8.15,22.7,Medium,Rainy,Morning,4.18,50.6
ORD_13200,3.38,16.4,Low,Sunny,Night,4.56,18.6
ORD_13201,1.74,28.0,Low,Clear,Evening,4.74,32.5
ORD_13202,8.28,11.9,Medium,Clear,Evening,4.59,33.4
ORD_13203,5.22,19.4,Low,Clear,Night,4.55,30.4
ORD_13204,7.53,25.8,Medium,Sunny,Night,4.5,41.2
ORD_13205,6.48,15.7,Medium,Sunny,Morning,4.74,32.9
ORD_13206,2.79,21.9,High,Clear,Evening,4.21,35.8
ORD_13207,5.9,23.3,High,Cloudy,Evening,4.65,48.9
ORD_13208,3.25,14.8,High,Sunny,Evening,4.16,26.3
ORD_13209,4.77,19.6,Low,Clear,Night,4.07,25.6
ORD_13210,10.79,19.1,Low,Cloudy,Night,3.86,39.5
ORD_13211,6.79,16.7,Jam,Cloudy,Evening,4.52,61.9
ORD_13212,9.01,33.8,Medium,Clear,Afternoon,4.66,52.1
ORD_13213,7.11,15.4,Medium,Stormy,Evening,3.94,48.9
ORD_13214,5.45,26.0,Medium,Clear,Evening,4.41,42.8
ORD_13215,7.54,17.6,High,Cloudy,Afternoon,4.63,50.3
ORD_13216,1.99,13.5,High,Foggy,Evening,4.49,28.8
ORD_13217,9.94,20.6,Jam,Cloudy,Afternoon,4.3,88.1
ORD_13218,3.8,23.9,High,Cloudy,Evening,3.79,43.3
ORD_13219,8.69,25.5,Low,,Evening,4.44,47.9
ORD_13220,5.32,29.4,High,Clear,Morning,3.77,50.5
ORD_13221,2.79,37.7,Medium,Clear,Evening,4.32,48.7
ORD_13222,4.24,21.5,Medium,Cloudy,Morning,4.13,37.2
ORD_13223,8.71,16.0,Medium,Rainy,Evening,4.32,39.8
ORD_13224,19.43,22.7,Medium,Cloudy,Evening,4.18,77.6
ORD_13225,6.24,18.4,Jam,Stormy,Evening,4.7,74.7
ORD_13226,18.15,25.6,High,Clear,Evening,3.75,98.6
ORD_13227,1.99,12.2,Low,Rainy,Afternoon,4.61,22.8
ORD_13228,5.57,34.2,Medium,Foggy,Morning,4.04,53.6
ORD_13229,6.24,25.1,High,Sunny,Evening,4.85,51.4
ORD_13230,8.97,9.9,Jam,Foggy,Evening,4.04,78.5
ORD_13231,4.35,15.7,High,Clear,Afternoon,4.6,30.7
ORD_13232,7.95,24.9,Low,Foggy,Afternoon,4.35,43.8
ORD_13233,5.74,27.1,High,Foggy,Morning,4.59,50.5
ORD_13234,12.72,12.4,Low,Clear,Afternoon,4.78,34.7
ORD_13235,7.24,24.3,Medium,Sunny,Evening,4.55,38.3
ORD_13236,24.91,8.3,Medium,Sunny,Evening,3.94,74.6
ORD_13237,5.77,19.5,Medium,Clear,Evening,4.88,37.4
ORD_13238,12.26,26.7,High,Clear,Afternoon,4.5,123.2
ORD_13239,14.46,16.7,Medium,Clear,Night,4.61,49.8
ORD_13240,1.0,11.0,High,Sunny,Evening,4.6,20.8
ORD_13241,9.87,20.9,Jam,Sunny,Afternoon,4.26,92.7
ORD_13242,2.76,16.4,Medium,Foggy,Morning,3.88,29.3
ORD_13243,5.64,23.8,Low,Clear,Evening,4.63,36.3
ORD_13244,3.07,14.7,High,Cloudy,Evening,4.57,29.4
ORD_13245,12.84,15.4,Jam,Clear,Evening,4.48,103.5
ORD_13246,4.51,8.0,Jam,Cloudy,Night,4.5,41.3
ORD_13247,1.9,21.0,High,Foggy,Evening,4.59,35.0
ORD_13248,7.34,19.0,Medium,Sunny,Night,4.9,30.4
ORD_13249,13.92,12.9,High,Clear,Morning,4.29,66.3
ORD_13250,3.1,21.2,Low,Cloudy,Afternoon,4.52,26.3
ORD_13251,10.61,26.2,High,,Afternoon,4.73,61.2
ORD_13252,1.52,18.7,Medium,Sunny,Evening,4.64,20.9
ORD_13253,14.47,21.6,Medium,Clear,Afternoon,4.05,57.3
ORD_13254,8.24,21.6,Jam,Clear,Evening,4.41,80.6
ORD_13255,2.88,12.8,High,Cloudy,Afternoon,4.36,26.1
ORD_13256,10.06,32.3,Medium,Foggy,Afternoon,4.75,64.6
ORD_13257,4.68,17.2,High,,Afternoon,4.92,30.6
ORD_13258,3.57,23.9,Low,Clear,Morning,4.46,29.6
ORD_13259,4.61,24.6,Low,Clear,Morning,4.79,34.6
ORD_13260,9.49,19.2,Medium,Foggy,Afternoon,4.56,49.0
ORD_13261,3.42,23.6,High,Foggy,Morning,4.29,40.3
ORD_13262,1.09,21.5,Jam,Clear,Evening,4.97,27.8
ORD_13263,4.77,11.5,Medium,Foggy,Afternoon,4.97,27.9
ORD_13264,13.14,18.0,Jam,Foggy,Morning,3.97,114.3
ORD_13265,13.04,16.3,High,Clear,Afternoon,4.1,64.3
ORD_13266,4.61,17.2,Low,Cloudy,Night,4.71,26.3
ORD_13267,4.51,12.2,High,Sunny,Evening,4.66,30.8
ORD_13268,4.33,26.8,Medium,Clear,Night,4.29,34.1
ORD_13269,4.2,29.6,Low,Clear,Evening,4.24,42.2
ORD_13270,4.39,25.9,Low,,Night,4.51,75.6
ORD_13271,7.55,27.6,Medium,Foggy,Afternoon,4.51,45.9
ORD_13272,13.32,17.9,High,Rainy,Afternoon,4.64,71.6
ORD_13273,3.41,16.2,Jam,Clear,Evening,4.42,34.3
ORD_13274,3.86,15.3,Low,Sunny,Night,4.48,28.7
ORD_13275,8.07,23.9,Jam,Sunny,Evening,4.48,83.6
ORD_13276,9.81,21.4,High,Sunny,Evening,4.12,57.0
ORD_13277,2.27,19.5,Medium,Cloudy,Morning,4.84,24.2
ORD_13278,16.09,27.8,High,Sunny,Afternoon,4.45,87.9
ORD_13279,5.33,22.4,Medium,Clear,Morning,4.67,40.2
ORD_13280,2.43,15.0,Medium,Clear,Afternoon,4.79,21.7
ORD_13281,2.19,15.9,Low,Sunny,Afternoon,3.89,20.9
ORD_13282,2.09,24.1,Low,Cloudy,Afternoon,4.39,27.0
ORD_13283,12.13,26.3,High,,Evening,4.57,75.1
ORD_13284,6.82,23.3,Low,Cloudy,Morning,4.64,38.6
ORD_13285,12.19,31.4,High,Rainy,Afternoon,4.86,82.5
ORD_13286,6.07,29.8,High,Sunny,Afternoon,4.71,50.9
ORD_13287,12.0,22.6,Medium,Stormy,Afternoon,4.88,63.5
ORD_13288,5.97,15.0,High,Clear,Afternoon,4.67,39.9
ORD_13289,8.95,12.1,Jam,Foggy,Afternoon,4.03,71.6
ORD_13290,6.32,17.7,Low,Clear,Night,4.29,28.9
ORD_13291,5.75,24.5,Medium,Sunny,Afternoon,4.74,37.4
ORD_13292,3.64,31.0,High,Sunny,Morning,4.28,39.2
ORD_13293,9.67,22.5,,Sunny,Evening,4.6,41.3
ORD_13294,3.11,27.0,Low,Foggy,Morning,4.31,35.2
ORD_13295,9.66,18.5,Medium,Clear,Afternoon,3.98,39.6
ORD_13296,7.01,23.7,Medium,Cloudy,Afternoon,4.68,39.0
ORD_13297,9.81,24.9,Low,Rainy,Morning,4.71,53.6
ORD_13298,7.37,8.1,High,Clear,Evening,4.79,37.0
ORD_13299,12.74,17.5,High,Stormy,Evening,4.85,82.8
ORD_13300,8.45,25.7,Medium,Sunny,Afternoon,4.33,42.6
ORD_13301,7.1,21.6,High,Foggy,Evening,3.96,54.4
ORD_13302,1.0,12.8,High,Cloudy,Afternoon,4.62,15.5
ORD_13303,13.04,8.0,Medium,Cloudy,Morning,4.46,42.7
ORD_13304,2.07,17.8,Medium,Clear,Afternoon,4.86,22.9
ORD_13305,2.6,19.6,High,Cloudy,Evening,4.47,33.7
ORD_13306,10.34,14.7,Medium,Clear,Morning,4.31,38.5
ORD_13307,6.67,20.9,Jam,Sunny,Evening,4.69,69.2
ORD_13308,2.14,23.0,High,Clear,Evening,4.12,32.0
ORD_13309,4.5,24.0,Low,Clear,Night,4.31,31.6
ORD_13310,12.65,8.0,Low,Clear,Morning,4.28,28.0
ORD_13311,7.24,12.1,High,Foggy,Morning,4.11,44.3
ORD_13312,6.77,18.2,,Cloudy,Morning,4.57,38.0
ORD_13313,4.15,23.4,Medium,Cloudy,Night,4.36,33.9
ORD_13314,10.55,22.9,High,Rainy,Evening,4.12,69.8
ORD_13315,6.18,22.8,Low,Cloudy,Evening,4.38,39.8
ORD_13316,9.44,17.7,High,Clear,Evening,4.49,52.8
ORD_13317,3.87,18.0,Medium,Cloudy,Evening,4.25,26.4
ORD_13318,19.48,15.6,Medium,Stormy,Afternoon,4.3,80.8
ORD_13319,13.96,24.6,Medium,Clear,Evening,4.28,58.9
ORD_13320,7.19,14.5,Medium,Cloudy,Evening,4.84,37.7
ORD_13321,8.14,25.1,Low,Sunny,Afternoon,4.45,38.8
ORD_13322,4.53,21.2,High,Sunny,Afternoon,4.53,39.1
ORD_13323,9.88,19.7,High,Foggy,Evening,4.48,61.4
ORD_13324,1.17,16.1,Low,Sunny,Morning,4.72,20.4
ORD_13325,15.95,11.9,Low,Clear,Night,4.49,38.2
ORD_13326,9.55,16.1,,Foggy,Afternoon,4.69,42.8
ORD_13327,3.36,18.0,Medium,Cloudy,Afternoon,3.9,21.6
ORD_13328,15.73,8.0,Medium,Clear,Evening,4.79,43.9
ORD_13329,18.55,18.8,Medium,,Evening,4.71,69.0
ORD_13330,8.4,25.5,High,Foggy,Afternoon,4.47,59.1
ORD_13331,3.91,23.4,Medium,Clear,Night,4.06,26.2
ORD_13332,6.84,17.0,Low,Sunny,Night,4.17,26.6
ORD_13333,9.11,20.3,High,Clear,Evening,4.85,57.4
ORD_13334,8.0,16.7,High,Stormy,Evening,3.92,60.3
ORD_13335,3.37,20.9,Low,Cloudy,Evening,4.83,33.2
ORD_13336,9.02,29.2,Jam,Sunny,Evening,4.67,89.3
ORD_13337,12.57,25.8,Low,Cloudy,Night,4.23,48.3
ORD_13338,2.83,23.1,High,Foggy,Afternoon,4.96,34.5
ORD_13339,3.07,17.0,Medium,Foggy,Morning,4.39,24.3
ORD_13340,4.41,24.5,Medium,Rainy,Night,4.88,100.3
ORD_13341,5.83,9.9,Medium,Rainy,Afternoon,4.51,30.2
ORD_13342,10.7,18.5,High,Sunny,Evening,4.14,62.4
ORD_13343,12.49,23.5,Low,Sunny,Afternoon,4.34,43.9
ORD_13344,3.8,24.4,Low,Rainy,Night,4.22,32.1
ORD_13345,7.52,24.0,Jam,Cloudy,Evening,4.68,82.4
ORD_13346,12.21,21.8,Medium,Foggy,Night,4.36,56.1
ORD_13347,20.1,18.8,Medium,Clear,Night,4.28,67.2
ORD_13348,7.49,23.2,Medium,Cloudy,Morning,3.95,47.6
ORD_13349,7.74,14.3,Medium,Cloudy,Afternoon,4.93,30.3
ORD_13350,8.43,14.9,High,Rainy,Evening,4.8,51.4
ORD_13351,5.45,20.4,Medium,Clear,Evening,4.3,93.5
ORD_13352,7.15,21.0,High,Rainy,Afternoon,4.44,59.2
ORD_13353,1.43,9.0,Medium,Clear,Night,4.29,12.0
ORD_13354,4.55,22.7,Jam,Cloudy,Afternoon,4.52,53.3
ORD_13355,8.94,24.6,Low,Cloudy,Night,3.76,43.3
ORD_13356,3.65,19.5,High,Sunny,Evening,4.61,36.2
ORD_13357,10.84,34.2,Jam,Cloudy,Evening,4.62,108.7
ORD_13358,1.86,15.9,High,Foggy,Afternoon,4.59,23.8
ORD_13359,10.61,17.8,High,Clear,Morning,4.55,51.1
ORD_13360,10.59,17.6,High,Cloudy,Afternoon,4.44,63.8
ORD_13361,20.3,19.5,High,Clear,Afternoon,4.07,100.1
ORD_13362,5.32,18.0,,Rainy,Evening,4.46,105.7
ORD_13363,6.67,11.6,High,Sunny,Evening,4.8,37.9
ORD_13364,15.09,16.7,Low,Sunny,Afternoon,4.78,41.4
ORD_13365,14.02,19.4,High,Cloudy,Afternoon,3.9,72.6
ORD_13366,11.76,27.4,Medium,Sunny,Night,4.69,53.8
ORD_13367,8.16,33.2,Low,Clear,Evening,4.28,47.1
ORD_13368,14.86,28.0,Medium,Stormy,Morning,4.31,79.1
ORD_13369,24.32,15.3,Medium,Cloudy,Evening,4.51,79.7
ORD_13370,9.42,15.8,Low,Cloudy,Night,4.49,27.9
ORD_13371,6.87,19.0,Low,Cloudy,Night,4.34,29.3
ORD_13372,10.07,30.7,High,Rainy,Evening,3.93,74.2
ORD_13373,7.43,19.0,Medium,,Evening,4.82,35.6
ORD_13374,5.61,12.0,Low,Clear,Afternoon,4.27,21.1
ORD_13375,10.87,17.0,,Sunny,Evening,4.72,45.1
ORD_13376,4.84,24.5,Low,Sunny,Evening,4.63,34.7
ORD_13377,9.31,24.1,Medium,Clear,Afternoon,4.74,52.0
ORD_13378,2.21,18.8,High,Cloudy,Afternoon,4.39,28.6
ORD_13379,16.35,24.1,High,Clear,Afternoon,4.55,85.3
ORD_13380,3.99,8.0,Jam,Rainy,Evening,3.89,45.0
ORD_13381,2.56,20.6,Low,Cloudy,Afternoon,4.56,21.3
ORD_13382,13.75,25.2,Jam,Clear,Evening,4.04,119.3
ORD_13383,15.2,15.0,Low,Clear,Night,4.66,41.0
ORD_13384,8.06,15.0,Medium,,Afternoon,4.38,43.4
ORD_13385,6.29,8.8,Low,Cloudy,Night,4.57,16.5
ORD_13386,5.4,29.5,Medium,Rainy,Evening,4.75,49.6
ORD_13387,7.8,15.7,Medium,Clear,Morning,4.54,31.7
ORD_13388,6.5,21.4,High,Foggy,Morning,4.63,48.4
ORD_13389,6.02,23.6,High,Cloudy,Afternoon,4.48,45.7
ORD_13390,3.71,29.1,Jam,Clear,Afternoon,4.46,49.2
ORD_13391,3.0,19.1,High,Sunny,Evening,4.43,34.8
ORD_13392,7.03,16.8,High,Cloudy,Evening,4.8,43.0
ORD_13393,7.66,21.0,Low,Clear,Night,4.02,36.2
ORD_13394,4.14,27.7,Jam,Foggy,Evening,4.71,60.4
ORD_13395,4.54,19.0,High,Cloudy,Afternoon,3.96,36.0
ORD_13396,7.65,14.3,Medium,Clear,Afternoon,4.58,34.7
ORD_13397,3.64,10.8,High,Foggy,Evening,4.4,33.4
ORD_13398,12.02,12.7,High,Sunny,Evening,3.91,62.2
ORD_13399,9.09,25.2,Medium,Sunny,Afternoon,3.98,42.7
ORD_13400,4.12,18.1,High,Rainy,Night,4.34,42.4
ORD_13401,8.83,16.4,High,Cloudy,Evening,4.52,57.3
ORD_13402,3.7,15.7,,Sunny,Evening,4.35,41.8
ORD_13403,10.62,20.5,,,Evening,4.46,90.4
ORD_13404,3.8,18.6,Low,Sunny,Afternoon,4.11,21.8
ORD_13405,6.21,18.4,Low,Sunny,Evening,4.67,30.7
ORD_13406,7.29,28.1,Medium,Cloudy,Afternoon,4.74,43.0
ORD_13407,15.07,29.2,Jam,Cloudy,Evening,4.84,131.7
ORD_13408,3.97,10.3,Medium,Cloudy,Afternoon,4.53,86.7
ORD_13409,3.86,22.0,Medium,Sunny,Morning,4.63,27.3
ORD_13410,2.32,15.3,Medium,Sunny,Afternoon,4.67,17.6
ORD_13411,17.57,18.5,High,Clear,Afternoon,4.89,82.8
ORD_13412,6.81,21.9,Low,Clear,Morning,3.98,32.9
ORD_13413,12.18,18.7,Medium,Cloudy,Evening,4.37,51.7
ORD_13414,4.6,21.4,Medium,,Evening,4.66,37.2
ORD_13415,4.88,24.0,Medium,Clear,Afternoon,4.99,31.9
ORD_13416,6.48,21.8,Medium,Clear,Evening,4.33,37.5
ORD_13417,6.6,16.1,Jam,Clear,Evening,3.87,63.6
ORD_13418,9.86,16.2,Medium,Sunny,Morning,4.39,44.5
ORD_13419,6.93,11.4,High,Sunny,Evening,3.89,41.8
ORD_13420,5.26,14.9,Jam,Clear,Evening,4.62,49.6
ORD_13421,17.76,31.8,Medium,Clear,Night,4.37,72.3
ORD_13422,3.67,15.2,Medium,Clear,Evening,4.31,25.2
ORD_13423,3.98,12.8,High,Sunny,Morning,4.64,26.4
ORD_13424,3.71,21.9,,Rainy,Afternoon,4.12,43.0
ORD_13425,10.08,19.3,Medium,Clear,Evening,4.36,47.1
ORD_13426,8.67,18.8,Medium,Cloudy,Morning,4.41,47.5
ORD_13427,6.04,28.5,Low,Clear,Night,4.59,40.1
ORD_13428,3.58,23.3,Medium,Clear,Morning,4.64,24.4
ORD_13429,7.27,16.8,Medium,Sunny,Morning,4.45,33.5
ORD_13430,10.9,17.5,Medium,Sunny,Morning,4.51,44.5
ORD_13431,15.42,17.0,Medium,Clear,Evening,4.59,57.9
ORD_13432,4.47,25.2,High,Clear,Evening,4.36,44.4
ORD_13433,6.03,18.2,Low,Clear,Morning,4.7,23.9
ORD_13434,8.62,9.2,Low,Rainy,Night,4.39,25.3
ORD_13435,5.23,19.7,Medium,Clear,Afternoon,4.26,32.1
ORD_13436,2.6,10.8,High,Clear,Afternoon,4.02,19.3
ORD_13437,6.05,33.1,Medium,Rainy,Morning,3.95,60.1
ORD_13438,2.85,14.2,Low,Clear,Night,4.73,17.1
ORD_13439,11.43,19.0,Jam,Clear,Evening,4.73,99.0
ORD_13440,5.5,21.5,Medium,Clear,Evening,4.66,38.9
ORD_13441,6.42,18.3,High,Clear,Morning,4.16,42.8
ORD_13442,4.05,18.3,Low,Clear,Evening,4.06,32.1
ORD_13443,6.57,22.5,High,Foggy,Evening,4.31,53.1
ORD_13444,13.37,29.2,Medium,Rainy,Afternoon,4.61,68.2
ORD_13445,12.14,24.6,Medium,Sunny,Afternoon,4.78,53.6
ORD_13446,3.17,28.9,Low,Sunny,Night,4.78,29.7
ORD_13447,1.0,13.7,Medium,Sunny,Morning,4.71,12.3
ORD_13448,6.07,21.9,High,Sunny,Evening,4.39,43.0
ORD_13449,5.52,20.9,High,Cloudy,Afternoon,4.52,38.9
ORD_13450,5.31,22.1,Medium,Sunny,Evening,4.49,37.0
ORD_13451,4.66,28.3,Medium,Clear,Morning,4.32,41.2
ORD_13452,3.12,18.7,Low,Clear,Afternoon,4.29,20.2
ORD_13453,21.08,17.6,Low,Foggy,Evening,4.69,63.9
ORD_13454,17.57,23.2,Low,Clear,Night,4.35,113.5
ORD_13455,5.17,9.3,Low,Rainy,Night,4.75,26.3
ORD_13456,7.21,18.6,High,Cloudy,Afternoon,4.76,44.1
ORD_13457,11.54,19.2,Medium,Sunny,Morning,4.91,52.0
ORD_13458,7.19,14.5,High,Clear,Evening,4.32,86.4
ORD_13459,4.9,26.3,High,Clear,Afternoon,4.35,43.0
ORD_13460,2.63,13.6,High,Sunny,Evening,4.37,24.1
ORD_13461,6.72,19.2,High,,Evening,4.63,50.3
ORD_13462,2.88,21.8,Jam,Cloudy,Evening,4.13,44.2
ORD_13463,12.86,28.1,High,Sunny,Evening,4.85,77.7
ORD_13464,6.54,19.9,Medium,Sunny,Morning,4.21,35.3
ORD_13465,9.03,25.6,Jam,Cloudy,Evening,4.1,88.4
ORD_13466,5.42,24.2,Low,,Evening,3.94,38.8
ORD_13467,10.66,20.7,High,Foggy,Evening,4.84,71.1
ORD_13468,4.41,13.5,Low,Sunny,Morning,4.19,21.2
ORD_13469,7.93,11.4,High,Clear,Afternoon,4.26,41.0
ORD_13470,5.29,20.6,Medium,Clear,Night,4.77,32.8
ORD_13471,5.8,16.7,High,Sunny,Evening,4.39,44.7
ORD_13472,11.46,25.5,Medium,Cloudy,Night,4.47,52.0
ORD_13473,4.03,24.5,High,Sunny,Evening,4.62,34.5
ORD_13474,8.25,18.9,Low,Cloudy,Night,4.9,33.3
ORD_13475,13.72,13.1,Jam,Rainy,Afternoon,4.43,112.2
ORD_13476,11.22,23.1,Medium,Clear,Morning,4.42,49.7
ORD_13477,4.49,13.9,,Foggy,Evening,3.98,53.5
ORD_13478,8.91,15.4,High,Clear,Evening,4.53,50.8
ORD_13479,1.87,14.1,High,Clear,Evening,3.86,23.3
ORD_13480,11.68,19.2,Low,Rainy,Evening,4.66,53.8
ORD_13481,24.28,27.0,Low,Foggy,Night,4.3,75.0
ORD_13482,7.98,20.0,High,Cloudy,Morning,4.43,56.5
ORD_13483,14.1,17.3,High,Rainy,Evening,4.61,79.1
ORD_13484,2.54,10.8,Medium,Rainy,Morning,4.79,21.1
ORD_13485,3.35,23.3,Medium,Sunny,Morning,4.8,25.4
ORD_13486,5.4,15.3,Medium,,Afternoon,3.8,34.3
ORD_13487,6.04,20.7,High,Clear,Evening,3.97,49.3
ORD_13488,8.01,17.9,High,Clear,Evening,4.76,51.8
ORD_13489,4.5,25.0,High,Cloudy,Night,4.36,45.5
ORD_13490,7.25,19.1,Medium,Cloudy,Morning,4.52,44.1
ORD_13491,11.45,19.6,High,Sunny,Afternoon,4.26,55.6
ORD_13492,8.89,22.9,Medium,Sunny,Morning,4.63,39.6
ORD_13493,5.29,32.6,Low,Foggy,Morning,4.67,46.3
ORD_13494,10.18,25.3,High,Sunny,Afternoon,4.99,64.4
ORD_13495,5.15,19.5,Low,Stormy,Afternoon,4.18,43.7
ORD_13496,7.02,20.0,Medium,Rainy,Afternoon,4.11,45.2
ORD_13497,11.12,16.9,,Cloudy,Morning,4.56,37.8
ORD_13498,5.95,14.3,High,Clear,Evening,4.53,36.0
ORD_13499,2.85,16.7,,Clear,Night,4.51,19.7
ORD_13500,6.9,15.4,High,Sunny,Evening,4.01,43.5
ORD_13501,11.17,23.9,,Cloudy,Evening,4.71,100.1
ORD_13502,11.75,13.6,High,Sunny,Evening,4.64,61.3
ORD_13503,3.26,28.0,Medium,Rainy,Afternoon,4.91,41.3
ORD_13504,9.95,24.5,High,Cloudy,Evening,4.24,67.2
ORD_13505,5.73,20.1,Jam,Clear,Evening,4.36,60.2
ORD_13506,14.63,20.0,Medium,Rainy,Afternoon,4.53,64.6
ORD_13507,2.89,16.7,Low,Clear,Night,4.29,17.2
ORD_13508,9.84,21.6,Medium,Clear,Evening,4.74,43.5
ORD_13509,5.35,26.5,,Clear,Morning,4.54,38.8
ORD_13510,4.55,15.8,High,Clear,Evening,3.99,38.2
ORD_13511,11.4,10.8,High,Rainy,Evening,4.54,61.4
ORD_13512,12.41,24.2,High,Cloudy,Evening,4.24,80.9
ORD_13513,1.46,21.9,High,Sunny,Afternoon,4.44,23.4
ORD_13514,11.51,13.3,High,Cloudy,Evening,3.68,61.0
ORD_13515,6.39,15.6,High,Cloudy,Afternoon,4.42,34.7
ORD_13516,6.78,14.8,Low,Sunny,Night,4.26,30.4
ORD_13517,2.78,15.7,,Rainy,Evening,4.46,31.4
ORD_13518,9.47,18.1,Medium,Sunny,Evening,4.62,36.5
ORD_13519,21.37,18.4,High,Rainy,Morning,4.45,104.7
ORD_13520,4.73,16.1,High,Rainy,Afternoon,4.47,32.2
ORD_13521,13.08,15.5,Medium,Clear,Afternoon,4.58,50.7
ORD_13522,6.64,18.6,Low,Sunny,Evening,4.52,30.3
ORD_13523,4.85,21.0,High,Rainy,Morning,4.35,46.6
ORD_13524,2.4,18.1,High,Rainy,Evening,4.64,33.6
ORD_13525,14.12,27.0,Medium,Clear,Afternoon,4.52,60.7
ORD_13526,7.13,23.0,Medium,Clear,Evening,4.57,89.1
ORD_13527,5.02,10.5,Low,,Morning,4.67,18.4
ORD_13528,5.56,23.1,Medium,Clear,Afternoon,4.0,38.7
ORD_13529,9.9,23.6,Medium,Clear,Evening,4.67,41.6
ORD_13530,5.01,17.4,High,Clear,Evening,4.47,34.4
ORD_13531,3.56,11.0,Jam,,Evening,4.34,37.2
ORD_13532,6.21,20.0,Medium,Sunny,Evening,4.52,35.3
ORD_13533,6.1,20.0,Low,Rainy,Night,4.56,39.8
ORD_13534,6.02,13.3,Medium,Clear,Morning,4.01,31.8
ORD_13535,5.05,11.3,Medium,Sunny,Afternoon,4.73,26.6
ORD_13536,13.33,19.5,High,Sunny,Evening,4.03,72.7
ORD_13537,25.0,18.6,Low,Rainy,Night,4.8,67.6
ORD_13538,3.26,17.5,Medium,Sunny,Evening,3.91,30.7
ORD_13539,1.27,19.5,High,Clear,Evening,4.45,23.2
ORD_13540,5.75,13.4,High,Rainy,Morning,4.46,41.2
ORD_13541,1.41,17.4,Medium,Rainy,Evening,4.74,30.7
ORD_13542,2.23,23.2,Low,Cloudy,Afternoon,4.59,25.6
ORD_13543,4.79,17.9,High,Clear,Evening,4.36,45.3
ORD_13544,9.86,10.0,Medium,Clear,Afternoon,4.63,35.6
ORD_13545,5.71,17.2,Medium,Clear,Afternoon,4.82,27.1
ORD_13546,1.0,13.6,High,Clear,Morning,4.33,20.6
ORD_13547,5.66,21.6,Low,Clear,Morning,4.58,37.0
ORD_13548,5.93,21.9,High,Clear,Afternoon,4.59,38.4
ORD_13549,5.99,10.0,High,Clear,Afternoon,4.39,35.5
ORD_13550,12.23,24.6,Medium,Cloudy,Evening,4.52,54.8
ORD_13551,11.09,13.3,High,Cloudy,Evening,4.96,57.4
ORD_13552,6.97,29.4,Medium,Clear,Morning,4.61,47.1
ORD_13553,19.09,19.7,Medium,Stormy,Evening,4.76,80.9
ORD_13554,4.78,12.5,Low,Cloudy,Night,4.25,19.5
ORD_13555,6.16,13.1,High,Clear,Evening,4.16,36.3
ORD_13556,6.57,22.1,High,Clear,Evening,4.53,47.1
ORD_13557,2.38,17.7,High,Clear,Evening,4.84,25.0
ORD_13558,6.65,19.4,Low,Cloudy,Afternoon,4.51,35.7
ORD_13559,2.05,29.7,High,Clear,Morning,4.33,33.3
ORD_13560,4.3,15.8,Medium,Clear,Morning,4.28,32.4
ORD_13561,7.16,20.4,Medium,,Morning,4.27,38.4
ORD_13562,2.68,28.5,High,Cloudy,Evening,4.7,35.4
ORD_13563,8.11,21.6,Medium,Clear,Afternoon,4.58,43.0
ORD_13564,3.87,10.4,Jam,Sunny,Night,4.55,32.9
ORD_13565,5.28,23.0,Medium,Clear,Evening,4.29,35.0
ORD_13566,8.94,13.0,High,Sunny,Evening,4.65,47.2
ORD_13567,6.34,28.4,High,Sunny,Evening,4.76,51.3
ORD_13568,8.0,15.1,High,,Morning,4.34,49.3
ORD_13569,8.63,37.8,High,Sunny,Evening,4.6,69.6
ORD_13570,6.27,28.8,Low,Clear,Night,4.75,34.1
ORD_13571,8.27,15.2,High,Clear,Morning,4.48,44.1
ORD_13572,4.26,20.1,Jam,Clear,Afternoon,4.47,44.6
ORD_13573,8.88,24.5,Low,,Morning,4.67,44.0
ORD_13574,5.77,24.7,Medium,Clear,Evening,4.25,42.2
ORD_13575,13.52,22.7,Medium,Clear,Morning,4.47,52.2
ORD_13576,7.24,27.5,Jam,Sunny,Evening,4.76,74.1
ORD_13577,4.66,19.3,High,Clear,Evening,4.22,38.0
ORD_13578,8.97,17.8,Low,Rainy,Morning,4.34,36.4
ORD_13579,13.85,17.9,High,Rainy,Evening,4.23,76.1
ORD_13580,4.94,25.2,Low,Clear,Morning,4.62,35.2
ORD_13581,4.42,22.2,Medium,Sunny,Morning,4.65,38.4
ORD_13582,1.0,21.7,Medium,Foggy,Afternoon,4.29,23.1
ORD_13583,7.23,24.8,,Sunny,Evening,4.36,62.4
ORD_13584,5.42,8.0,High,Rainy,Night,4.28,34.9
ORD_13585,8.95,21.9,Medium,Rainy,Afternoon,4.24,47.4
ORD_13586,9.06,21.3,Low,Foggy,Morning,4.68,47.5
ORD_13587,2.46,30.0,High,Clear,Evening,4.25,43.0
ORD_13588,11.07,10.8,Medium,Clear,Evening,4.59,42.8
ORD_13589,4.0,29.3,High,Clear,Morning,4.87,46.0
ORD_13590,4.96,20.5,High,Sunny,Evening,4.55,44.2
ORD_13591,8.13,22.9,,Sunny,Night,4.59,37.3
ORD_13592,3.11,30.1,High,Clear,Morning,4.93,43.3
ORD_13593,4.45,23.4,Medium,Clear,Morning,4.57,34.5
ORD_13594,2.91,22.4,Jam,Cloudy,Afternoon,4.23,44.6
ORD_13595,11.62,21.5,Medium,Clear,Evening,4.17,109.6
ORD_13596,5.23,17.1,Medium,Cloudy,Morning,4.75,29.2
ORD_13597,2.71,19.8,Low,Cloudy,Evening,4.72,26.2
ORD_13598,2.85,15.7,Medium,,Evening,4.83,26.4
ORD_13599,10.55,19.7,High,Clear,Evening,3.97,62.1
ORD_13600,3.76,8.0,,Rainy,Morning,4.16,21.1
ORD_13601,4.88,22.6,Low,Clear,Night,4.62,28.5
ORD_13602,6.82,19.3,Medium,Rainy,Evening,4.24,49.6
ORD_13603,5.46,18.0,High,Rainy,Evening,4.52,48.9
ORD_13604,1.64,21.3,Low,Sunny,Night,4.23,24.3
ORD_13605,9.51,11.4,Low,Cloudy,Night,4.88,28.8
ORD_13606,5.72,31.6,High,Sunny,Evening,4.36,58.5
ORD_13607,7.94,19.4,Medium,Rainy,Afternoon,4.75,41.6
ORD_13608,9.92,19.1,Low,Clear,Morning,4.21,40.9
ORD_13609,1.34,14.2,Medium,Sunny,Night,4.13,16.5
ORD_13610,9.97,20.1,High,Clear,Evening,4.71,56.3
ORD_13611,22.95,28.3,Medium,Foggy,Afternoon,4.61,89.4
ORD_13612,8.45,26.2,High,Foggy,Evening,4.91,63.2
ORD_13613,13.64,25.1,Medium,Cloudy,Evening,4.43,63.9
ORD_13614,11.39,23.3,High,Sunny,Afternoon,4.46,67.8
ORD_13615,9.76,17.8,Medium,Clear,Evening,4.95,39.9
ORD_13616,11.62,11.3,Medium,Sunny,Afternoon,4.59,44.3
ORD_13617,12.75,18.8,Low,Rainy,Evening,4.98,45.7
ORD_13618,13.04,18.6,High,Cloudy,Morning,4.81,66.2
ORD_13619,2.85,26.3,High,Sunny,Evening,4.23,45.4
ORD_13620,12.03,21.9,Jam,Rainy,Afternoon,4.44,165.0
ORD_13621,5.67,29.7,High,Clear,Morning,4.36,49.5
ORD_13622,13.3,27.2,Jam,Rainy,Morning,4.1,121.3
ORD_13623,8.88,17.3,,Sunny,Evening,4.89,33.5
ORD_13624,2.82,9.2,High,Clear,Afternoon,4.63,18.2
ORD_13625,14.34,28.3,High,Cloudy,Evening,4.66,86.6
ORD_13626,4.02,28.2,Medium,Rainy,Afternoon,4.29,46.0
ORD_13627,5.49,11.8,Medium,,Evening,4.53,25.7
ORD_13628,16.24,29.1,Low,Sunny,Evening,4.54,55.5
ORD_13629,7.27,22.3,High,Rainy,Afternoon,4.82,52.8
ORD_13630,5.34,21.0,Jam,Rainy,Morning,4.54,60.8
ORD_13631,6.37,29.7,Medium,Stormy,Afternoon,4.6,59.2
ORD_13632,5.27,28.1,Medium,Clear,Evening,4.79,41.0
ORD_13633,10.53,23.9,Jam,Sunny,Evening,4.23,97.8
ORD_13634,5.38,22.8,,Rainy,Morning,4.76,36.9
ORD_13635,6.5,23.7,Jam,Sunny,Evening,3.73,72.4
ORD_13636,9.32,17.6,High,Sunny,Morning,4.86,53.3
ORD_13637,8.73,19.7,Medium,Sunny,Afternoon,4.8,36.5
ORD_13638,4.24,14.6,High,Sunny,Evening,4.25,79.2
ORD_13639,10.61,18.0,High,Clear,Afternoon,4.79,55.1
ORD_13640,4.77,17.8,High,Clear,Evening,4.64,40.5
ORD_13641,3.3,16.2,Low,Cloudy,Night,4.55,20.8
ORD_13642,1.77,20.8,Medium,Sunny,Morning,4.79,25.6
ORD_13643,5.97,18.1,Low,Rainy,Evening,4.29,38.6
ORD_13644,2.07,23.0,Medium,Clear,Night,4.26,29.3
ORD_13645,3.85,10.3,Medium,Clear,Morning,4.12,21.1
ORD_13646,6.6,19.3,Medium,Stormy,Afternoon,4.51,45.0
ORD_13647,12.59,20.8,High,Sunny,Morning,4.32,67.5
ORD_13648,5.59,18.1,High,Clear,Evening,4.1,44.8
ORD_13649,2.42,19.0,High,Rainy,Evening,4.88,37.2
ORD_13650,6.23,10.5,Low,Cloudy,Evening,4.38,22.2
ORD_13651,12.32,22.1,High,Sunny,Evening,4.94,74.7
ORD_13652,5.51,23.9,Medium,Rainy,Evening,4.96,43.9
ORD_13653,13.81,23.0,Low,Clear,Morning,4.77,51.1
ORD_13654,6.58,26.2,Low,Sunny,Night,4.68,40.4
ORD_13655,9.99,21.2,Low,,Afternoon,4.11,49.8
ORD_13656,7.6,22.9,Medium,Sunny,Morning,3.9,40.4
ORD_13657,13.43,20.9,Low,Foggy,Night,3.65,54.0
ORD_13658,19.8,24.1,High,Clear,Evening,3.98,102.1
ORD_13659,4.93,10.5,High,Clear,Evening,4.4,27.2
ORD_13660,7.34,14.6,High,Sunny,Morning,4.82,41.2
ORD_13661,12.59,29.5,Low,Cloudy,Evening,4.76,53.1
ORD_13662,7.76,8.0,High,Clear,Evening,4.67,39.9
ORD_13663,1.7,19.2,Jam,Clear,Evening,4.72,34.4
ORD_13664,5.56,27.0,Low,,Night,4.28,53.2
ORD_13665,7.72,19.4,Medium,,Morning,4.39,45.7
ORD_13666,15.52,17.6,High,Clear,Evening,4.42,75.2
ORD_13667,7.1,20.8,Medium,Sunny,Evening,4.15,37.6
ORD_13668,3.68,17.9,Medium,Sunny,Afternoon,4.88,27.4
ORD_13669,7.83,20.2,High,Rainy,Morning,4.25,60.0
ORD_13670,14.65,15.9,,Sunny,Morning,4.87,53.4
ORD_13671,4.44,26.7,Medium,Rainy,Evening,4.28,44.7
ORD_13672,4.81,28.5,High,Foggy,Afternoon,4.14,49.3
ORD_13673,4.48,19.2,High,Sunny,Morning,4.28,34.7
ORD_13674,2.67,11.7,Medium,Clear,Afternoon,4.39,13.1
ORD_13675,6.91,16.9,Medium,Sunny,Afternoon,3.85,36.0
ORD_13676,6.43,18.9,Medium,Rainy,Morning,4.81,40.9
ORD_13677,1.85,23.0,Medium,Sunny,Morning,4.73,31.5
ORD_13678,3.88,14.0,,Rainy,Night,4.72,25.3
ORD_13679,7.46,15.4,Low,Rainy,Morning,4.44,36.1
ORD_13680,9.86,23.1,Medium,Sunny,Evening,4.82,45.4
ORD_13681,11.42,25.6,Medium,Sunny,Evening,4.21,55.6
ORD_13682,10.32,16.3,Jam,Cloudy,Evening,4.56,90.8
ORD_13683,6.66,12.0,High,Clear,Afternoon,4.07,37.0
ORD_13684,2.35,39.7,Low,Sunny,Night,4.72,38.8
ORD_13685,5.79,24.7,High,Clear,Evening,4.51,43.9
ORD_13686,1.0,18.4,Low,,Morning,4.01,27.2
ORD_13687,7.48,25.2,High,Foggy,Afternoon,4.47,57.9
ORD_13688,4.34,19.3,Medium,Clear,Morning,4.9,31.8
ORD_13689,1.31,25.2,High,,Afternoon,4.0,29.4
ORD_13690,8.31,21.0,Jam,Cloudy,Evening,4.36,77.9
ORD_13691,14.55,20.5,Low,Cloudy,Afternoon,4.88,53.9
ORD_13692,2.1,19.3,High,Cloudy,Evening,4.54,30.5
ORD_13693,8.71,11.3,Low,Clear,Night,4.59,28.3
ORD_13694,5.19,31.6,Medium,Clear,Afternoon,4.59,39.6
ORD_13695,4.01,14.4,High,Clear,Afternoon,4.49,29.4
ORD_13696,4.02,11.8,High,Foggy,Evening,4.4,36.3
ORD_13697,5.19,18.7,High,Sunny,Evening,4.7,39.9
ORD_13698,5.17,14.2,Low,Stormy,Afternoon,4.24,32.2
ORD_13699,6.5,19.7,High,Sunny,Evening,4.19,44.0
ORD_13700,3.75,24.1,Jam,,Night,4.8,47.6
ORD_13701,4.29,26.0,High,Rainy,Evening,4.38,46.5
ORD_13702,9.19,24.9,Medium,Rainy,Morning,4.76,62.0
ORD_13703,3.53,18.2,Medium,Clear,Evening,4.38,32.7
ORD_13704,7.77,20.3,Low,Clear,Evening,4.58,32.2
ORD_13705,5.36,22.4,Jam,Clear,Afternoon,4.94,57.0
ORD_13706,4.68,9.5,Low,Rainy,Afternoon,4.14,25.2
ORD_13707,17.17,23.4,Jam,Rainy,Evening,4.7,149.7
ORD_13708,2.71,11.3,Low,Clear,Afternoon,4.74,12.0
ORD_13709,15.11,32.2,Medium,Clear,Afternoon,4.76,69.0
ORD_13710,10.68,17.6,Low,Sunny,Night,4.65,31.7
ORD_13711,4.41,18.9,Low,Sunny,Night,4.83,25.8
ORD_13712,10.85,15.4,High,Sunny,Evening,3.84,119.3
ORD_13713,1.0,16.2,Jam,Stormy,Afternoon,4.08,40.8
ORD_13714,4.14,33.6,Medium,Cloudy,Afternoon,3.8,46.8
ORD_13715,3.56,25.6,Low,Clear,Evening,4.11,29.6
ORD_13716,8.37,10.7,,Clear,Evening,4.31,36.8
ORD_13717,9.97,29.0,High,Clear,Evening,3.98,70.9
ORD_13718,8.29,27.2,Medium,Clear,Morning,4.32,46.2
ORD_13719,7.19,18.3,Medium,Rainy,Evening,4.82,46.4
ORD_13720,11.26,21.8,Low,Sunny,Night,4.59,38.8
ORD_13721,10.37,19.9,Medium,Sunny,Morning,4.78,48.9
ORD_13722,4.34,31.8,Medium,Sunny,Afternoon,4.93,43.8
ORD_13723,4.66,15.2,High,Clear,Evening,4.51,36.0
ORD_13724,10.03,20.9,Medium,Clear,Evening,4.59,45.1
ORD_13725,6.46,17.4,High,Cloudy,Morning,4.81,40.7
ORD_13726,6.73,11.4,Low,Rainy,Night,4.1,29.0
ORD_13727,7.27,33.1,Medium,Clear,Morning,4.78,86.0
ORD_13728,1.76,12.9,Low,Cloudy,Night,4.33,18.0
ORD_13729,4.21,21.3,High,Cloudy,Morning,4.53,37.6
ORD_13730,8.79,9.6,Low,Cloudy,Morning,4.36,27.3
ORD_13731,4.19,17.6,Jam,Cloudy,Evening,4.14,48.2
ORD_13732,5.74,22.5,Medium,Rainy,Night,4.68,41.4
ORD_13733,8.76,15.1,Low,Clear,Night,4.57,29.9
ORD_13734,11.62,23.5,High,Sunny,Morning,4.43,65.6
ORD_13735,12.41,18.4,High,Rainy,Evening,4.19,73.8
ORD_13736,12.81,27.0,High,Rainy,Morning,4.58,80.5
ORD_13737,6.08,28.2,High,Clear,Morning,4.41,49.8
ORD_13738,5.7,16.5,High,Sunny,Morning,4.39,38.2
ORD_13739,2.96,20.5,Medium,Clear,Morning,3.86,21.5
ORD_13740,14.6,21.1,Medium,Rainy,Night,3.82,68.2
ORD_13741,5.55,23.7,Medium,Cloudy,Morning,4.56,41.2
ORD_13742,14.4,20.1,High,Clear,Evening,4.33,76.9
ORD_13743,7.9,21.1,High,Cloudy,Evening,3.82,58.1
ORD_13744,11.93,18.5,High,Sunny,Morning,3.94,60.3
ORD_13745,6.34,20.7,Low,Clear,Night,4.58,25.2
ORD_13746,9.27,27.8,High,Rainy,Afternoon,4.27,63.4
ORD_13747,12.16,23.9,Low,Clear,Night,4.88,45.2
ORD_13748,4.83,24.2,Medium,Sunny,Night,4.52,34.7
ORD_13749,12.85,24.3,Low,Sunny,Night,4.03,48.4
ORD_13750,3.25,19.1,Jam,Rainy,Evening,4.87,51.8
ORD_13751,16.92,21.9,Low,Clear,Afternoon,4.39,45.7
ORD_13752,7.29,13.5,High,Cloudy,Morning,4.86,38.0
ORD_13753,4.26,27.6,High,Clear,Evening,4.63,43.4
ORD_13754,10.56,8.0,High,Rainy,Afternoon,4.06,56.5
ORD_13755,8.12,19.5,High,Clear,Evening,4.78,51.8
ORD_13756,1.84,26.8,Medium,Cloudy,Evening,4.54,42.7
ORD_13757,5.19,11.8,Medium,Cloudy,Afternoon,4.46,22.1
ORD_13758,3.36,22.4,Jam,Clear,Morning,4.34,46.7
ORD_13759,3.57,15.9,High,Clear,Afternoon,4.53,31.1
ORD_13760,3.48,17.8,Medium,Clear,Evening,4.61,32.7
ORD_13761,9.01,25.7,High,Rainy,Morning,4.46,66.0
ORD_13762,11.02,21.2,High,Sunny,Evening,4.93,59.8
ORD_13763,4.0,8.0,High,Foggy,Evening,4.72,31.5
ORD_13764,1.47,14.1,Medium,Clear,Morning,4.82,18.0
ORD_13765,1.0,25.9,High,Clear,Evening,4.74,32.9
ORD_13766,19.14,22.7,Low,Foggy,Evening,4.89,68.9
ORD_13767,7.33,30.5,Jam,Cloudy,Evening,4.0,83.2
ORD_13768,10.6,30.1,,Rainy,Night,4.74,51.4
ORD_13769,5.9,17.9,Medium,Foggy,Morning,3.95,40.4
ORD_13770,1.21,35.0,High,Stormy,Afternoon,4.6,110.3
ORD_13771,8.5,20.1,High,Clear,Night,4.93,48.2
ORD_13772,15.93,14.2,Low,Clear,Afternoon,4.7,39.6
ORD_13773,4.41,16.2,Medium,Clear,Afternoon,4.05,28.2
ORD_13774,1.09,8.0,High,,Evening,4.73,23.2
ORD_13775,2.94,29.6,High,Sunny,Evening,4.48,37.9
ORD_13776,10.9,29.6,High,Sunny,Morning,4.72,70.2
ORD_13777,8.08,13.9,Low,Rainy,Evening,4.28,40.3
ORD_13778,12.88,18.6,High,Cloudy,Afternoon,4.74,72.3
ORD_13779,6.7,20.6,Low,Clear,Evening,4.89,34.6
ORD_13780,9.87,14.2,High,Sunny,Evening,4.73,57.4
ORD_13781,5.09,9.5,Medium,Clear,Evening,4.87,26.0
ORD_13782,3.11,18.7,Jam,Sunny,Evening,4.9,43.2
ORD_13783,9.89,18.1,Medium,Clear,Afternoon,4.14,40.1
ORD_13784,11.0,17.7,High,Clear,Afternoon,4.58,65.2
ORD_13785,4.48,21.3,Medium,Rainy,Afternoon,4.67,38.3
ORD_13786,15.13,28.6,Medium,Foggy,Afternoon,4.95,70.1
ORD_13787,15.37,18.2,High,Foggy,Evening,4.88,82.1
ORD_13788,3.49,21.0,Medium,Clear,Evening,4.51,35.4
ORD_13789,3.61,24.4,Medium,,Afternoon,4.49,45.3
ORD_13790,3.72,23.3,Low,Cloudy,Night,4.68,31.4
ORD_13791,6.16,16.3,Low,Rainy,Evening,4.83,35.0
ORD_13792,5.25,20.6,Low,Rainy,Morning,4.51,42.5
ORD_13793,2.63,23.3,Medium,Stormy,Afternoon,4.65,38.8
ORD_13794,3.8,13.2,High,Clear,Evening,4.48,27.4
ORD_13795,1.23,27.6,High,Cloudy,Afternoon,4.3,28.9
ORD_13796,1.43,28.6,Low,Cloudy,Night,4.36,78.7
ORD_13797,2.26,15.7,Medium,Clear,Evening,4.41,26.5
ORD_13798,18.55,21.2,Medium,Sunny,Night,4.47,65.0
ORD_13799,17.31,23.9,Medium,Clear,Morning,4.32,67.7
ORD_13800,10.22,16.7,Medium,Foggy,Evening,4.21,111.6
ORD_13801,4.51,22.9,Low,Rainy,Night,4.85,35.0
ORD_13802,2.24,21.0,Medium,Cloudy,Afternoon,4.72,23.3
ORD_13803,6.62,11.2,Low,Sunny,Morning,4.35,19.0
ORD_13804,8.64,22.8,High,Clear,Evening,4.08,62.0
ORD_13805,4.05,13.4,Low,Rainy,Night,4.2,97.1
ORD_13806,8.37,25.6,Jam,Clear,Evening,4.81,80.7
ORD_13807,2.92,16.0,Jam,Sunny,Evening,4.55,32.9
ORD_13808,4.57,19.0,High,Rainy,Evening,4.34,45.0
ORD_13809,5.67,28.2,Medium,Cloudy,Morning,4.88,44.7
ORD_13810,17.59,23.0,Medium,Cloudy,Afternoon,3.93,67.5
ORD_13811,3.76,13.5,Medium,Clear,Morning,4.55,23.9
ORD_13812,8.62,13.9,Medium,Clear,Afternoon,4.93,27.7
ORD_13813,3.38,16.4,Jam,Cloudy,Evening,3.84,44.3
ORD_13814,3.06,22.4,Medium,Clear,Evening,4.47,30.9
ORD_13815,4.04,22.1,Medium,Clear,Night,4.35,26.2
ORD_13816,6.76,14.9,Medium,Sunny,Morning,4.84,26.3
ORD_13817,16.25,13.0,High,Sunny,Afternoon,4.83,69.7
ORD_13818,4.45,21.7,High,Sunny,Evening,4.06,37.6
ORD_13819,11.05,18.9,High,Sunny,Afternoon,4.58,60.2
ORD_13820,18.08,32.9,Jam,Sunny,Morning,4.53,154.7
ORD_13821,7.77,20.2,Low,Clear,Afternoon,3.88,35.5
ORD_13822,12.21,30.9,Low,Clear,Afternoon,4.29,54.3
ORD_13823,3.89,13.0,Low,Rainy,Night,4.88,19.8
ORD_13824,8.48,10.6,High,Sunny,Evening,4.61,45.7
ORD_13825,9.78,13.3,Low,Sunny,Night,4.77,31.1
ORD_13826,2.54,27.1,Low,Sunny,Night,4.37,30.9
ORD_13827,3.63,30.5,Low,Clear,Morning,4.68,36.7
ORD_13828,5.51,15.3,High,Clear,Evening,4.38,36.0
ORD_13829,4.11,17.2,Medium,Sunny,Afternoon,4.77,27.0
ORD_13830,5.92,13.0,High,Sunny,Morning,4.63,33.8
ORD_13831,2.27,9.1,Low,Sunny,Night,4.72,13.7
ORD_13832,17.09,24.3,High,,Afternoon,4.57,88.1
ORD_13833,11.7,21.3,Medium,Clear,Afternoon,4.57,48.9
ORD_13834,25.0,20.1,High,Sunny,Afternoon,4.23,112.4
ORD_13835,2.77,11.6,,Sunny,Afternoon,4.48,17.1
ORD_13836,8.68,29.8,Low,Rainy,Afternoon,4.12,52.4
ORD_13837,4.14,17.0,Jam,,Afternoon,4.0,44.4
ORD_13838,3.05,23.2,High,Stormy,Afternoon,4.78,43.2
ORD_13839,11.33,11.3,Low,Foggy,Night,4.43,36.4
ORD_13840,6.89,18.9,Jam,Sunny,Afternoon,4.29,64.8
ORD_13841,5.28,21.7,Medium,Cloudy,Morning,4.77,32.3
ORD_13842,7.91,22.0,Medium,Foggy,Morning,4.5,47.5
ORD_13843,3.74,20.9,High,Clear,Evening,4.85,36.2
ORD_13844,3.65,23.0,Medium,Clear,Evening,4.25,32.1
ORD_13845,4.24,13.2,Low,Clear,Night,4.53,20.9
ORD_13846,12.63,21.2,High,Sunny,Evening,4.56,74.5
ORD_13847,12.05,20.7,Medium,Clear,Morning,4.11,49.9
ORD_13848,2.67,21.4,Low,Foggy,Morning,4.67,31.4
ORD_13849,16.67,20.4,Low,Sunny,Evening,4.56,57.3
ORD_13850,6.54,12.4,Jam,Foggy,Evening,4.63,56.2
ORD_13851,8.59,12.1,Medium,Clear,Morning,4.79,38.7
ORD_13852,4.15,8.0,Medium,Cloudy,Evening,4.8,21.5
ORD_13853,6.75,24.9,,Cloudy,Night,4.11,44.3
ORD_13854,3.03,25.0,Medium,Sunny,Evening,3.95,30.6
ORD_13855,3.96,25.1,Medium,Rainy,Evening,4.46,40.0
ORD_13856,10.79,21.8,Jam,Sunny,Evening,4.62,92.6
ORD_13857,10.94,8.0,High,Clear,Morning,4.51,45.8
ORD_13858,8.83,13.8,Low,,Afternoon,4.09,37.2
ORD_13859,5.06,21.0,High,Sunny,Morning,4.81,35.8
ORD_13860,2.64,20.8,High,Clear,Morning,4.52,28.2
ORD_13861,13.51,18.7,Medium,Sunny,Night,4.61,46.0
ORD_13862,11.41,22.2,Medium,Cloudy,Afternoon,4.21,56.3
ORD_13863,1.63,20.1,Medium,Sunny,Evening,3.96,29.2
ORD_13864,11.05,20.7,Medium,Cloudy,Evening,4.19,50.2
ORD_13865,5.28,16.2,High,Cloudy,Evening,4.28,41.7
ORD_13866,9.97,25.9,,Clear,Evening,4.6,95.2
ORD_13867,2.3,17.4,High,Clear,Evening,4.56,22.7
ORD_13868,4.29,12.0,Medium,Cloudy,Afternoon,4.41,24.7
ORD_13869,7.06,15.4,Low,Cloudy,Night,4.63,26.6
ORD_13870,17.09,17.9,Medium,Clear,Morning,4.76,62.2
ORD_13871,7.07,26.0,Medium,Clear,Morning,4.76,39.9
ORD_13872,12.34,19.7,Low,Foggy,Evening,4.64,51.2
ORD_13873,7.66,18.9,High,Rainy,Afternoon,4.69,56.4
ORD_13874,7.5,12.5,High,Cloudy,Afternoon,4.72,41.9
ORD_13875,9.11,24.7,Low,Clear,Night,4.63,34.1
ORD_13876,6.43,16.1,Medium,Cloudy,Evening,4.29,43.5
ORD_13877,10.64,19.4,Low,Clear,Night,4.75,38.6
ORD_13878,3.19,28.9,Jam,Cloudy,Afternoon,4.56,49.8
ORD_13879,6.46,23.1,Medium,Cloudy,Afternoon,4.72,41.2
ORD_13880,17.92,10.2,High,Sunny,Evening,4.37,86.0
ORD_13881,12.64,9.4,High,Clear,Evening,4.55,54.5
ORD_13882,8.06,19.6,High,Cloudy,Evening,4.49,56.6
ORD_13883,11.65,12.7,Low,Rainy,Night,4.64,38.8
ORD_13884,15.28,23.9,Medium,Sunny,Night,4.72,58.7
ORD_13885,1.45,20.3,High,Cloudy,Evening,4.5,28.5
ORD_13886,5.6,21.0,Medium,Clear,Afternoon,4.13,28.5
ORD_13887,4.28,15.8,,Cloudy,Evening,4.46,28.8
ORD_13888,2.42,30.4,Medium,Cloudy,Night,3.97,29.7
ORD_13889,19.37,37.1,High,Clear,Afternoon,4.76,106.6
ORD_13890,9.37,18.3,Low,Cloudy,Evening,4.86,37.1
ORD_13891,11.42,22.1,High,Cloudy,Evening,4.71,66.9
ORD_13892,4.41,20.6,Jam,Sunny,Afternoon,4.56,42.4
ORD_13893,5.52,18.4,Medium,Clear,Evening,4.69,36.5
ORD_13894,6.65,15.0,Medium,Clear,Afternoon,4.52,25.1
ORD_13895,8.43,13.5,Medium,Stormy,Night,4.58,85.2
ORD_13896,10.41,13.2,Medium,Sunny,Evening,4.59,39.4
ORD_13897,1.72,22.4,High,Clear,Evening,4.58,29.7
ORD_13898,10.03,16.9,High,Rainy,Morning,4.23,63.2
ORD_13899,5.76,8.0,High,Clear,Morning,4.76,79.0
ORD_13900,15.62,22.7,Low,Sunny,Night,4.94,54.9
ORD_13901,13.86,19.8,High,Clear,Afternoon,4.34,72.1
ORD_13902,7.93,28.1,Medium,Foggy,Morning,4.92,52.9
ORD_13903,6.8,22.2,Low,Sunny,Morning,4.43,33.4
ORD_13904,5.48,11.1,Medium,Cloudy,Evening,4.62,29.0
ORD_13905,8.46,8.0,High,Sunny,Morning,4.63,38.0
ORD_13906,13.44,15.7,High,Clear,Evening,4.18,67.3
ORD_13907,6.89,16.2,Jam,Sunny,Evening,4.5,73.6
ORD_13908,4.64,25.7,Medium,Sunny,Evening,4.85,43.2
ORD_13909,6.8,19.9,Medium,Stormy,Night,4.37,46.6
ORD_13910,8.02,26.8,Low,Rainy,Morning,4.83,50.1
ORD_13911,3.04,12.1,Low,Rainy,Evening,4.94,26.7
ORD_13912,2.5,25.8,Jam,Clear,Morning,4.44,40.6
ORD_13913,4.72,24.3,Low,Clear,Night,4.58,37.2
ORD_13914,15.6,8.0,Low,Sunny,Night,4.66,34.3
ORD_13915,13.02,27.9,High,Cloudy,Afternoon,4.47,81.4
ORD_13916,2.09,20.6,High,Cloudy,Afternoon,4.27,27.4
ORD_13917,3.54,22.4,Medium,Rainy,Afternoon,4.81,39.9
ORD_13918,10.31,14.8,Medium,Rainy,Night,4.57,49.4
ORD_13919,5.12,27.7,High,Clear,Evening,4.15,46.7
ORD_13920,8.73,12.9,Low,Rainy,Night,4.75,32.8
ORD_13921,2.18,25.0,Low,Cloudy,Morning,4.55,30.2
ORD_13922,6.72,24.9,Medium,Sunny,Evening,4.44,48.7
ORD_13923,6.29,14.2,High,Cloudy,Evening,4.91,45.1
ORD_13924,11.45,31.9,Low,Rainy,Night,3.9,58.4
ORD_13925,8.43,21.4,Medium,Sunny,Afternoon,4.94,98.9
ORD_13926,7.27,23.9,Medium,Clear,Afternoon,3.76,43.3
ORD_13927,1.81,10.8,,Sunny,Night,4.86,12.0
ORD_13928,18.24,32.7,Medium,Foggy,Morning,4.1,87.9
ORD_13929,9.88,12.7,Medium,Rainy,Evening,4.53,43.8
ORD_13930,4.16,26.1,High,Clear,Evening,4.46,44.1
ORD_13931,7.16,14.0,High,Cloudy,Morning,4.09,47.4
ORD_13932,5.22,16.3,Medium,Clear,Afternoon,4.51,29.7
ORD_13933,5.86,24.7,Medium,Clear,Evening,4.28,40.6
ORD_13934,12.9,26.2,High,Sunny,Afternoon,4.81,69.9
ORD_13935,3.53,12.4,Jam,Sunny,Afternoon,4.07,35.6
ORD_13936,10.12,26.5,Low,Clear,Evening,4.77,46.1
ORD_13937,13.21,26.3,Low,,Night,4.77,57.9
ORD_13938,9.22,14.4,Medium,Rainy,Evening,4.54,44.0
ORD_13939,6.05,29.6,High,Sunny,Evening,4.53,52.6
ORD_13940,3.96,11.3,,Clear,Night,4.74,20.7
ORD_13941,4.34,16.3,High,Clear,Evening,4.9,33.0
ORD_13942,7.25,22.9,Low,Clear,Night,4.73,100.7
ORD_13943,6.89,14.9,High,Clear,Evening,4.23,40.4
ORD_13944,10.86,21.6,Medium,Rainy,Evening,4.34,59.1
ORD_13945,2.31,21.4,High,Sunny,Evening,4.21,29.0
ORD_13946,12.81,18.9,Low,Clear,Night,4.45,43.8
ORD_13947,24.99,25.0,Medium,Clear,Evening,4.71,87.7
ORD_13948,6.41,18.6,Medium,Foggy,Evening,4.77,40.1
ORD_13949,5.81,21.4,High,,Afternoon,4.28,107.8
ORD_13950,6.16,26.9,Medium,Sunny,Night,4.28,39.4
ORD_13951,7.09,24.7,Medium,Sunny,Afternoon,4.59,42.4
ORD_13952,5.52,24.7,Low,Clear,Morning,4.1,38.0
ORD_13953,1.48,13.1,Low,Stormy,Evening,4.29,36.2
ORD_13954,6.08,23.1,Medium,Clear,Afternoon,4.34,38.6
ORD_13955,7.36,14.7,Low,Cloudy,Morning,4.8,28.4
ORD_13956,13.6,12.3,Medium,Clear,Afternoon,4.51,43.7
ORD_13957,3.5,19.6,Low,Sunny,Morning,4.58,26.9
ORD_13958,16.69,14.6,High,Rainy,Morning,4.88,81.2
ORD_13959,5.28,24.7,High,Cloudy,Evening,4.3,50.0
ORD_13960,3.79,24.9,Low,Clear,Night,4.44,30.7
ORD_13961,9.88,8.6,Medium,Sunny,Afternoon,4.6,28.6
ORD_13962,4.9,15.0,Medium,Clear,Evening,4.14,26.3
ORD_13963,6.49,11.2,High,Foggy,Evening,4.06,43.7
ORD_13964,6.76,17.2,High,Cloudy,Afternoon,4.28,42.6
ORD_13965,9.56,22.7,High,Sunny,Evening,4.19,63.6
ORD_13966,6.37,18.5,Low,Clear,Afternoon,4.58,26.5
ORD_13967,5.94,16.5,Jam,Clear,Evening,4.79,59.7
ORD_13968,5.2,27.8,High,Rainy,Afternoon,4.45,55.7
ORD_13969,9.0,8.0,Low,Sunny,Night,4.72,18.9
ORD_13970,4.74,27.4,Medium,Clear,Morning,4.28,39.0
ORD_13971,13.86,16.7,Medium,Foggy,Evening,4.08,63.3
ORD_13972,6.81,19.5,Medium,Clear,Afternoon,4.35,105.6
ORD_13973,1.89,16.8,High,Clear,Evening,4.41,25.8
ORD_13974,8.01,29.3,Jam,Clear,Afternoon,4.19,84.9
ORD_13975,8.8,12.6,Low,Clear,Afternoon,4.96,25.7
ORD_13976,13.95,20.1,Medium,Sunny,Afternoon,4.0,54.0
ORD_13977,4.09,23.2,,Cloudy,Morning,4.38,40.8
ORD_13978,3.69,10.3,Medium,Clear,Evening,4.77,25.2
ORD_13979,9.74,14.5,High,Clear,Afternoon,4.38,47.5
ORD_13980,12.66,19.1,Low,Clear,Evening,4.63,46.0
ORD_13981,3.98,14.7,Low,Clear,Evening,4.07,23.8
ORD_13982,7.84,15.1,Medium,Clear,Morning,4.2,39.0
ORD_13983,6.44,17.9,High,Clear,Morning,4.62,44.1
ORD_13984,4.07,23.9,Low,Clear,Night,4.52,29.3
ORD_13985,6.2,17.9,High,,Evening,4.46,52.0
ORD_13986,12.15,26.5,Low,Clear,Morning,4.23,48.1
ORD_13987,6.83,14.0,Medium,Cloudy,Evening,4.3,33.1
ORD_13988,6.0,12.5,High,Clear,Evening,4.63,44.3
ORD_13989,9.45,31.6,Medium,Cloudy,Afternoon,4.86,53.9
ORD_13990,12.78,16.1,Medium,Rainy,Evening,4.71,57.2
ORD_13991,3.45,12.1,Medium,Cloudy,Afternoon,4.92,19.2
ORD_13992,8.03,9.5,High,Clear,Morning,4.79,35.2
ORD_13993,5.31,26.5,Low,,Afternoon,4.65,32.1
ORD_13994,6.84,18.0,High,Rainy,Evening,4.38,53.9
ORD_13995,9.88,18.5,Medium,Sunny,Evening,4.61,40.7
ORD_13996,5.58,19.0,Medium,Clear,Afternoon,3.99,30.8
ORD_13997,6.34,26.1,High,Foggy,Afternoon,4.04,56.8
ORD_13998,11.59,18.9,Jam,Cloudy,Evening,4.74,99.9
ORD_13999,8.68,34.1,Medium,Rainy,Afternoon,4.14,61.3
ORD_14000,6.25,20.8,High,Clear,Evening,4.55,44.8
ORD_14001,7.25,26.4,Medium,Clear,Morning,4.85,40.7
ORD_14002,6.94,24.8,Jam,Sunny,Evening,4.25,80.3
ORD_14003,1.78,19.8,High,Sunny,Morning,4.75,23.0
ORD_14004,7.33,16.5,High,Clear,Evening,4.44,49.1
ORD_14005,2.71,22.0,Jam,Sunny,Afternoon,4.76,31.9
ORD_14006,12.58,23.1,Jam,Cloudy,Evening,4.56,113.0
ORD_14007,2.66,16.6,,Clear,Evening,4.83,30.8
ORD_14008,5.14,21.0,Medium,Cloudy,Afternoon,4.65,31.3
ORD_14009,4.53,27.4,High,Sunny,Evening,3.78,46.0
ORD_14010,15.24,32.4,Medium,Sunny,Morning,4.57,73.6
ORD_14011,12.28,25.1,Medium,Clear,Morning,4.4,52.6
ORD_14012,1.02,31.2,Low,Cloudy,Night,3.94,35.0
ORD_14013,6.62,16.2,Low,Clear,Morning,4.91,25.8
ORD_14014,3.06,24.2,High,Rainy,Afternoon,4.3,44.8
ORD_14015,7.34,28.0,High,Sunny,Morning,4.7,60.7
ORD_14016,9.75,14.6,Low,Sunny,Evening,4.5,31.9
ORD_14017,7.72,17.1,Medium,Foggy,Night,3.64,42.9
ORD_14018,10.1,30.4,Medium,Clear,Afternoon,4.64,57.3
ORD_14019,5.67,14.1,High,Sunny,Evening,4.82,30.7
ORD_14020,7.87,12.0,,Sunny,Afternoon,4.67,33.3
ORD_14021,9.89,29.2,Medium,Foggy,Afternoon,4.38,59.2
ORD_14022,5.01,27.2,High,Rainy,Evening,4.58,56.8
ORD_14023,3.75,22.6,,Cloudy,Evening,4.77,45.1
ORD_14024,4.37,19.7,High,Clear,Afternoon,4.43,37.5
ORD_14025,6.2,17.4,Low,Clear,Night,4.53,26.4
ORD_14026,6.73,21.7,Medium,Clear,Morning,4.67,34.8
ORD_14027,8.14,29.5,Jam,Cloudy,Morning,3.98,88.4
ORD_14028,4.09,21.4,Low,Sunny,Night,4.29,29.9
ORD_14029,10.05,33.0,High,Clear,Evening,3.94,73.6
ORD_14030,17.2,14.6,Jam,Cloudy,Evening,4.6,133.7
ORD_14031,4.55,19.9,High,Rainy,Evening,4.82,44.8
ORD_14032,22.53,17.8,Jam,Clear,Afternoon,4.85,162.2
ORD_14033,18.49,13.5,Low,Foggy,Evening,4.23,55.3
ORD_14034,6.72,19.1,High,Clear,Morning,4.4,48.1
ORD_14035,6.08,22.5,High,Clear,Evening,4.89,50.2
ORD_14036,4.33,23.1,,Rainy,Evening,4.52,58.5
ORD_14037,10.91,33.0,Low,Sunny,Night,4.38,52.4
ORD_14038,6.99,22.8,Low,Foggy,Evening,4.24,43.7
ORD_14039,7.44,26.9,Medium,Sunny,Morning,4.77,46.4
ORD_14040,3.81,20.4,High,Foggy,Evening,4.63,41.6
ORD_14041,11.09,30.1,Medium,Clear,Morning,4.22,60.6
ORD_14042,5.79,34.4,High,Cloudy,Evening,4.81,57.8
ORD_14043,3.22,23.2,High,Stormy,Evening,4.42,54.7
ORD_14044,6.4,14.0,Medium,Sunny,Afternoon,4.52,27.4
ORD_14045,3.98,16.7,Low,Clear,Night,4.69,22.4
ORD_14046,13.96,21.7,Low,Clear,Night,4.8,47.3
ORD_14047,18.35,22.7,Low,Rainy,Night,4.6,62.6
ORD_14048,6.51,24.2,Medium,Sunny,Afternoon,4.06,33.3
ORD_14049,12.09,22.8,High,Sunny,Evening,3.88,72.3
ORD_14050,11.92,20.0,Medium,Rainy,Night,4.81,56.2
ORD_14051,1.0,16.2,High,Rainy,Evening,4.58,29.7
ORD_14052,4.38,22.4,High,Sunny,Afternoon,4.83,40.0
ORD_14053,7.18,31.1,Medium,,Evening,4.55,61.5
ORD_14054,5.1,26.1,High,Sunny,Night,4.75,40.6
ORD_14055,4.15,23.2,Jam,Cloudy,Evening,3.86,50.5
ORD_14056,12.37,26.2,Medium,Clear,Afternoon,4.69,52.1
ORD_14057,4.97,17.8,Low,Clear,Morning,4.64,27.1
ORD_14058,8.15,17.0,High,Rainy,Evening,4.58,58.2
ORD_14059,11.77,15.5,Medium,Clear,Evening,4.82,45.9
ORD_14060,14.42,19.2,High,Clear,Evening,4.46,71.2
ORD_14061,3.23,17.5,Low,Cloudy,Morning,4.06,26.8
ORD_14062,3.43,27.2,Medium,Sunny,Morning,4.3,36.2
ORD_14063,7.62,17.1,Medium,Clear,Afternoon,4.2,36.2
ORD_14064,1.46,15.2,Medium,Cloudy,Afternoon,4.64,24.5
ORD_14065,3.55,31.7,Medium,Cloudy,Evening,4.72,46.1
ORD_14066,13.14,17.3,Low,Rainy,Afternoon,4.84,46.9
ORD_14067,9.61,20.9,High,Sunny,Evening,4.29,55.4
ORD_14068,6.2,22.7,Medium,Sunny,Evening,4.71,43.8
ORD_14069,8.8,13.2,Medium,Sunny,Morning,4.24,30.4
ORD_14070,9.99,27.4,,Clear,Night,4.32,49.9
ORD_14071,2.48,23.8,,Clear,Evening,4.62,26.6
ORD_14072,4.91,29.4,Medium,Clear,Evening,4.83,41.8
ORD_14073,14.14,15.9,Low,Foggy,Night,4.59,116.2
ORD_14074,7.7,20.6,Jam,Rainy,Afternoon,4.6,73.8
ORD_14075,7.97,20.2,Medium,Sunny,Afternoon,4.52,31.7
ORD_14076,6.52,21.6,Medium,Clear,Morning,4.65,34.7
ORD_14077,1.79,11.3,High,Clear,Evening,4.64,15.7
ORD_14078,4.51,20.7,Jam,Clear,Evening,4.5,49.9
ORD_14079,8.49,11.4,Jam,Foggy,Evening,4.31,74.5
ORD_14080,4.99,22.2,Medium,Sunny,Morning,4.94,38.4
ORD_14081,3.31,8.0,Low,Rainy,Morning,4.35,19.7
ORD_14082,3.62,8.9,High,Sunny,Afternoon,4.56,19.8
ORD_14083,14.3,24.9,Low,Cloudy,Morning,4.85,52.2
ORD_14084,4.82,16.7,High,Cloudy,Evening,4.1,41.1
ORD_14085,12.73,14.1,High,Clear,Evening,4.28,66.0
ORD_14086,8.0,27.6,High,Sunny,Afternoon,4.56,50.7
ORD_14087,5.77,22.0,High,Rainy,Morning,4.63,47.2
ORD_14088,4.02,25.2,Low,Sunny,Morning,4.54,36.0
ORD_14089,9.76,19.0,Jam,Sunny,Evening,4.33,84.8
ORD_14090,11.87,36.1,Low,Sunny,Night,4.38,59.5
ORD_14091,10.3,16.4,Low,Sunny,Afternoon,4.13,37.6
ORD_14092,2.67,30.5,High,Sunny,Evening,4.65,35.5
ORD_14093,4.81,19.6,High,Clear,Night,4.71,30.2
ORD_14094,5.19,10.1,Medium,Foggy,Morning,4.73,26.6
ORD_14095,1.52,22.9,Low,Clear,Night,4.44,25.1
ORD_14096,8.75,21.9,High,Sunny,Evening,4.12,56.7
ORD_14097,9.48,13.7,Low,Clear,Night,4.27,29.4
ORD_14098,9.29,14.5,High,Clear,Evening,4.56,51.3
ORD_14099,8.42,19.9,Medium,Cloudy,Afternoon,4.76,40.6
ORD_14100,5.47,22.1,High,Stormy,Night,4.47,54.6
ORD_14101,3.92,8.0,Medium,Cloudy,Afternoon,4.53,12.0
ORD_14102,5.46,26.3,Low,Clear,Night,4.75,33.1
ORD_14103,8.03,17.0,Medium,Sunny,Morning,4.89,35.3
ORD_14104,13.39,12.0,High,,Evening,4.31,61.4
ORD_14105,6.99,25.6,Medium,Sunny,Afternoon,4.23,40.3
ORD_14106,6.85,19.9,Low,Clear,Night,4.42,25.9
ORD_14107,1.63,27.3,,Rainy,Morning,4.34,38.8
ORD_14108,8.35,22.6,High,Clear,Afternoon,4.6,49.3
ORD_14109,13.94,20.0,High,Clear,Evening,4.0,74.9
ORD_14110,6.23,19.1,Low,Rainy,Night,4.03,35.2
ORD_14111,5.94,22.9,Medium,Foggy,Afternoon,4.62,41.0
ORD_14112,5.25,17.5,Medium,Clear,Afternoon,4.49,32.4
ORD_14113,9.95,14.9,High,Clear,Evening,4.74,51.5
ORD_14114,1.57,23.7,High,Cloudy,Afternoon,4.03,30.7
ORD_14115,12.74,19.1,Medium,Sunny,Evening,4.46,54.9
ORD_14116,5.78,20.2,Medium,Foggy,Morning,4.44,40.2
ORD_14117,8.44,26.5,Medium,Sunny,Evening,4.88,46.5
ORD_14118,10.4,19.3,High,Clear,Evening,4.42,55.8
ORD_14119,3.59,20.1,Medium,Clear,Afternoon,4.2,26.2
ORD_14120,6.59,16.4,Low,Sunny,Evening,4.83,30.6
ORD_14121,5.71,22.6,High,Cloudy,Evening,4.09,48.2
ORD_14122,3.03,22.1,Medium,Rainy,Afternoon,4.89,36.8
ORD_14123,11.81,25.4,High,Foggy,Morning,3.9,74.9
ORD_14124,5.42,16.5,Low,Clear,Morning,4.61,24.1
ORD_14125,2.94,17.3,Jam,Cloudy,Evening,4.72,35.5
ORD_14126,6.83,24.8,Medium,Rainy,Afternoon,4.53,44.2
ORD_14127,2.38,21.5,Low,Rainy,Night,4.85,27.1
ORD_14128,4.99,14.6,Low,Sunny,Evening,4.33,30.2
ORD_14129,7.94,27.8,Low,Cloudy,Afternoon,4.76,39.1
ORD_14130,2.2,9.8,,Sunny,Evening,4.41,12.6
ORD_14131,9.59,24.7,Medium,Sunny,Evening,3.85,49.8
ORD_14132,7.05,12.4,Low,Clear,Night,4.04,27.6
ORD_14133,10.43,31.3,Medium,Cloudy,Evening,4.91,61.5
ORD_14134,10.36,10.7,,Cloudy,Morning,4.93,36.5
ORD_14135,4.88,26.9,High,Clear,Evening,4.62,42.2
ORD_14136,4.97,19.5,High,Sunny,Evening,4.71,39.3
ORD_14137,8.8,17.8,Medium,Sunny,Evening,4.13,44.6
ORD_14138,3.22,21.1,High,Cloudy,Night,4.71,36.0
ORD_14139,3.23,23.8,Medium,Cloudy,Afternoon,4.76,24.8
ORD_14140,4.45,14.6,High,,Afternoon,4.53,27.4
ORD_14141,2.54,15.1,Low,Cloudy,Evening,4.59,23.0
ORD_14142,2.91,23.9,Low,Clear,Night,4.52,30.6
ORD_14143,2.98,9.8,Low,Clear,Night,4.49,12.0
ORD_14144,5.43,16.5,High,Clear,Night,4.8,30.4
ORD_14145,5.28,38.2,High,Clear,Afternoon,4.7,54.7
ORD_14146,11.33,14.2,High,Cloudy,Evening,4.71,55.0
ORD_14147,5.49,26.9,High,Stormy,Afternoon,4.99,53.1
ORD_14148,6.28,16.5,High,Clear,Afternoon,4.69,44.5
ORD_14149,16.52,23.1,Low,Foggy,Morning,4.15,58.5
ORD_14150,1.06,23.9,High,Cloudy,Morning,4.09,27.7
ORD_14151,7.5,26.8,Medium,Clear,Afternoon,4.52,83.5
ORD_14152,5.79,18.8,,Clear,Afternoon,4.43,39.0
ORD_14153,7.95,31.9,Low,Cloudy,Afternoon,4.36,45.4
ORD_14154,4.64,16.5,Medium,Cloudy,Afternoon,4.82,29.8
ORD_14155,5.47,21.4,High,Clear,Evening,4.72,39.7
ORD_14156,13.05,21.5,Medium,Clear,Afternoon,4.42,52.7
ORD_14157,8.73,13.3,High,,Evening,4.28,54.8
ORD_14158,5.64,18.3,Medium,Clear,Afternoon,4.51,32.4
ORD_14159,3.98,21.0,Jam,Rainy,Evening,4.45,55.5
ORD_14160,3.21,17.4,Medium,Clear,Morning,3.79,28.0
ORD_14161,4.83,34.6,High,Sunny,Morning,4.41,53.2
ORD_14162,5.96,15.0,Jam,Sunny,Evening,4.45,58.9
ORD_14163,16.48,27.1,Low,Sunny,Night,4.78,56.7
ORD_14164,7.18,25.1,High,Clear,Morning,4.83,50.3
ORD_14165,4.3,19.9,Medium,Clear,Morning,4.19,35.7
ORD_14166,1.06,14.8,Low,Cloudy,Night,4.96,13.3
ORD_14167,3.9,15.4,Low,Clear,Morning,4.01,27.7
ORD_14168,4.83,16.9,,Cloudy,Afternoon,4.32,38.6
ORD_14169,7.59,9.3,Low,Rainy,Night,4.51,30.0
ORD_14170,4.94,14.0,Low,Rainy,Evening,4.51,31.7
ORD_14171,16.92,11.1,Medium,Clear,Afternoon,4.47,50.1
ORD_14172,5.71,28.1,Low,Cloudy,Night,4.88,37.9
ORD_14173,11.55,23.7,High,Cloudy,Evening,4.09,71.6
ORD_14174,2.06,24.7,,Clear,Morning,3.96,29.1
ORD_14175,6.37,23.5,Medium,Sunny,Evening,4.12,43.6
ORD_14176,3.93,21.0,High,Clear,Evening,4.7,39.8
ORD_14177,11.73,28.8,High,Sunny,Evening,4.26,72.5
ORD_14178,5.15,16.3,Medium,Rainy,Night,3.89,33.2
ORD_14179,13.25,20.6,Medium,Rainy,Morning,4.58,56.5
ORD_14180,9.51,24.5,Jam,Cloudy,Evening,4.53,92.2
ORD_14181,4.73,12.1,Medium,Sunny,Evening,4.28,30.8
ORD_14182,3.17,38.6,Medium,Foggy,Afternoon,4.19,47.0
ORD_14183,4.09,20.2,High,Sunny,Evening,4.45,35.1
ORD_14184,5.48,20.9,High,Sunny,Evening,4.52,39.1
ORD_14185,9.48,27.5,Jam,Rainy,Night,3.95,95.0
ORD_14186,6.5,25.5,Low,Clear,Night,4.74,28.8
ORD_14187,10.47,20.2,High,Clear,Evening,4.5,64.7
ORD_14188,13.83,20.8,High,Rainy,Afternoon,4.33,81.0
ORD_14189,6.72,11.0,Medium,Rainy,Evening,4.81,36.7
ORD_14190,3.41,16.7,Low,Clear,Afternoon,4.79,24.2
ORD_14191,8.16,23.1,Medium,Cloudy,Afternoon,4.65,46.2
ORD_14192,17.96,22.7,Medium,Sunny,Evening,3.99,70.4
ORD_14193,10.8,27.3,High,Cloudy,Evening,4.81,66.6
ORD_14194,7.8,19.3,Jam,Clear,Evening,4.91,70.2
ORD_14195,3.71,11.7,Low,Stormy,Night,4.79,29.8
ORD_14196,5.83,26.3,High,Rainy,Afternoon,4.53,51.8
ORD_14197,2.16,28.6,Medium,Sunny,Afternoon,4.46,38.3
ORD_14198,3.04,25.4,Medium,Rainy,Evening,4.5,42.5
ORD_14199,8.26,19.0,Medium,Rainy,Evening,4.03,49.9
ORD_14200,1.82,26.3,Medium,Sunny,Morning,4.6,33.5
ORD_14201,5.31,40.6,Medium,Foggy,Afternoon,4.73,58.2
ORD_14202,2.81,20.7,High,Stormy,Afternoon,4.41,43.6
ORD_14203,3.14,12.1,High,Clear,Evening,4.58,30.3
ORD_14204,6.79,16.5,Low,Clear,Night,4.55,28.4
ORD_14205,4.09,23.8,,Clear,Afternoon,4.65,28.7
ORD_14206,2.43,10.4,Low,Sunny,Morning,4.3,15.9
ORD_14207,4.63,21.0,Medium,Clear,Afternoon,3.65,31.7
ORD_14208,2.37,22.3,High,Clear,Morning,4.64,28.4
ORD_14209,12.8,29.2,Medium,Stormy,Afternoon,4.54,76.5
ORD_14210,9.78,27.9,Medium,Cloudy,Afternoon,4.6,118.9
ORD_14211,9.75,25.2,Jam,Rainy,Evening,3.87,98.2
ORD_14212,3.84,8.0,Medium,Stormy,Afternoon,4.78,30.6
ORD_14213,8.42,25.5,High,Sunny,Evening,4.75,61.7
ORD_14214,7.38,24.2,Medium,Cloudy,Afternoon,4.55,36.7
ORD_14215,4.03,21.5,Medium,Clear,Evening,4.37,31.7
ORD_14216,6.26,9.6,Jam,Sunny,Night,4.56,42.5
ORD_14217,2.09,15.3,Medium,Clear,Afternoon,4.56,12.0
ORD_14218,3.23,13.0,,Clear,Morning,3.54,21.1
ORD_14219,6.15,8.0,Medium,Clear,Afternoon,4.61,18.2
ORD_14220,4.8,20.0,Medium,Sunny,Morning,4.11,35.1
ORD_14221,7.99,15.2,Medium,Foggy,Afternoon,4.47,35.6
ORD_14222,4.1,35.8,Jam,Clear,Evening,4.57,66.8
ORD_14223,5.25,19.0,High,Sunny,Evening,4.78,41.0
ORD_14224,6.47,27.8,High,Cloudy,Afternoon,4.22,50.3
ORD_14225,3.88,10.6,Medium,Sunny,Evening,4.3,21.2
ORD_14226,5.19,16.8,Low,Foggy,Morning,4.5,32.1
ORD_14227,7.35,20.6,High,Clear,Afternoon,4.66,48.4
ORD_14228,14.82,14.6,Jam,Clear,Evening,4.81,118.9
ORD_14229,3.9,17.5,Medium,Sunny,Morning,4.09,28.7
ORD_14230,4.81,18.7,High,Sunny,Evening,4.82,38.0
ORD_14231,10.74,18.6,Low,Clear,Night,3.95,37.9
ORD_14232,12.25,31.1,High,Clear,Evening,4.53,78.2
ORD_14233,8.88,22.3,Low,Rainy,Morning,4.4,44.7
ORD_14234,12.08,22.9,High,Clear,Evening,4.47,67.5
ORD_14235,3.75,23.2,Medium,Sunny,Afternoon,4.37,33.0
ORD_14236,11.44,23.7,Low,Foggy,Night,4.37,45.9
ORD_14237,9.98,19.5,Low,Cloudy,Night,3.86,39.5
ORD_14238,3.11,18.1,Low,Sunny,Morning,4.43,24.0
ORD_14239,5.3,21.0,Low,Sunny,Night,4.83,30.2
ORD_14240,1.29,26.9,Medium,Sunny,Morning,4.9,30.0
ORD_14241,7.04,26.8,Medium,Cloudy,Afternoon,4.29,43.0
ORD_14242,11.32,18.6,High,Rainy,Afternoon,4.25,64.2
ORD_14243,4.66,24.6,Medium,Cloudy,Afternoon,4.54,39.8
ORD_14244,3.37,18.8,High,Rainy,Night,4.04,36.1
ORD_14245,3.21,20.2,High,Clear,Afternoon,4.67,35.1
ORD_14246,6.41,17.2,High,Clear,Evening,4.34,35.7
ORD_14247,8.84,18.9,,Cloudy,Night,4.68,35.2
ORD_14248,15.0,28.0,High,,Evening,3.76,90.3
ORD_14249,1.2,20.6,Medium,Rainy,Afternoon,4.85,29.2
ORD_14250,13.98,20.8,High,Sunny,Evening,4.38,76.1
ORD_14251,7.26,11.3,Medium,Sunny,Evening,4.83,32.5
ORD_14252,11.02,18.1,High,Cloudy,Evening,4.3,65.8
ORD_14253,9.65,18.6,,Cloudy,Morning,3.9,47.2
ORD_14254,6.65,15.0,Medium,Cloudy,Evening,4.24,39.3
ORD_14255,6.5,20.1,Jam,Cloudy,Evening,4.41,65.7
ORD_14256,8.13,17.4,High,Sunny,Evening,4.8,54.3
ORD_14257,5.55,20.5,Medium,Foggy,Night,4.3,34.7
ORD_14258,5.83,20.7,Medium,Rainy,Morning,4.47,45.2
ORD_14259,9.09,14.3,Low,Clear,Afternoon,4.51,31.5
ORD_14260,3.89,17.6,High,Rainy,Evening,4.72,47.5
ORD_14261,11.61,20.5,Medium,Rainy,Afternoon,4.15,57.1
ORD_14262,11.07,27.1,High,Cloudy,Afternoon,4.58,71.0
ORD_14263,4.83,21.5,Medium,Sunny,Morning,4.84,27.9
ORD_14264,9.14,16.0,Medium,Cloudy,Evening,4.26,45.4
ORD_14265,8.48,22.4,Low,Clear,Night,4.51,37.1
ORD_14266,4.51,30.2,High,Clear,Morning,4.17,50.0
ORD_14267,9.52,25.5,Medium,Rainy,Morning,4.72,53.0
ORD_14268,14.55,23.3,High,Sunny,Afternoon,4.32,75.7
ORD_14269,11.83,24.4,,Clear,Evening,4.24,57.0
ORD_14270,2.41,28.6,High,Sunny,Evening,4.74,38.9
ORD_14271,8.65,26.5,Medium,,Morning,4.88,48.2
ORD_14272,10.78,23.4,High,Rainy,Evening,4.88,72.6
ORD_14273,4.33,26.4,Low,Sunny,Morning,4.59,32.8
ORD_14274,11.61,13.5,Low,Sunny,Night,4.65,32.3
ORD_14275,4.02,11.0,Medium,,Night,4.18,17.4
ORD_14276,5.52,20.9,Low,Rainy,Night,4.74,44.0
ORD_14277,4.12,20.4,High,Foggy,Morning,4.86,41.1
ORD_14278,3.69,16.7,High,Rainy,Evening,4.48,44.8
ORD_14279,8.12,25.0,High,Sunny,Morning,4.4,52.5
ORD_14280,2.57,8.8,High,Rainy,Evening,3.92,28.3
ORD_14281,5.71,16.8,Low,Clear,Afternoon,4.72,24.7
ORD_14282,8.12,17.1,,Clear,Evening,4.19,51.4
ORD_14283,4.16,10.2,Medium,Sunny,Evening,4.87,22.5
ORD_14284,12.73,29.0,High,Clear,Evening,4.78,74.8
ORD_14285,5.99,11.8,High,Clear,Evening,4.04,38.6
ORD_14286,15.83,16.5,,Sunny,Evening,4.77,78.1
ORD_14287,2.36,25.4,Low,Sunny,Afternoon,4.11,30.5
ORD_14288,8.31,23.9,High,Rainy,Evening,4.39,67.7
ORD_14289,7.37,13.4,Low,,Night,4.5,28.1
ORD_14290,5.15,24.1,High,Stormy,Evening,3.8,65.7
ORD_14291,6.67,21.7,Medium,Sunny,Evening,4.81,40.8
ORD_14292,9.02,34.0,Low,Sunny,Night,4.14,52.4
ORD_14293,10.0,22.4,High,Clear,Evening,4.6,61.1
ORD_14294,6.11,19.2,Medium,Sunny,Night,4.92,32.2
ORD_14295,8.37,14.9,Medium,Foggy,Morning,4.5,79.9
ORD_14296,3.88,15.5,High,Cloudy,Evening,4.68,31.7
ORD_14297,10.11,15.0,Medium,Clear,Afternoon,4.36,39.7
ORD_14298,14.12,28.2,Jam,Sunny,Evening,4.71,120.1
ORD_14299,10.55,20.1,,Sunny,Morning,4.75,49.7
ORD_14300,4.12,23.4,High,Clear,Afternoon,4.93,40.8
ORD_14301,3.48,29.1,Medium,Rainy,Afternoon,4.03,41.1
ORD_14302,21.31,8.0,Medium,Sunny,Afternoon,4.57,63.6
ORD_14303,13.6,27.7,Medium,Sunny,Morning,4.37,64.9
ORD_14304,10.02,20.3,High,Clear,Evening,4.74,60.4
ORD_14305,14.63,22.6,Medium,Clear,Afternoon,4.78,58.6
ORD_14306,6.54,15.0,Medium,Foggy,Afternoon,4.7,36.7
ORD_14307,9.92,15.5,,Clear,Morning,4.69,48.4
ORD_14308,12.65,22.9,Low,Sunny,Morning,4.53,53.5
ORD_14309,5.55,34.3,High,Cloudy,Night,4.91,47.3
ORD_14310,8.65,26.0,Medium,Clear,Evening,4.26,45.7
ORD_14311,11.88,27.6,Jam,Sunny,Evening,4.63,111.7
ORD_14312,3.31,18.8,Jam,Sunny,Afternoon,4.59,42.4
ORD_14313,5.21,16.4,Medium,Stormy,Morning,4.69,48.2
ORD_14314,11.73,15.3,Jam,Cloudy,Morning,4.92,94.5
ORD_14315,7.49,17.1,Jam,Foggy,Evening,4.24,71.8
ORD_14316,6.91,8.0,Low,Cloudy,Evening,4.42,24.8
ORD_14317,6.43,15.7,High,Clear,Night,4.4,40.6
ORD_14318,12.41,16.6,Low,Clear,Afternoon,4.47,36.8
ORD_14319,3.56,18.9,Medium,Rainy,Afternoon,4.87,74.4
ORD_14320,4.99,20.8,Medium,Sunny,Morning,4.86,32.7
ORD_14321,2.55,22.2,Low,Sunny,Evening,4.73,26.4
ORD_14322,5.44,19.9,Medium,Foggy,Afternoon,4.7,36.6
ORD_14323,7.27,16.5,Jam,Clear,Evening,4.26,65.6
ORD_14324,1.63,8.2,Jam,Sunny,Night,4.73,18.4
ORD_14325,3.92,16.5,High,Cloudy,Evening,4.54,33.3
ORD_14326,7.48,14.2,Medium,Cloudy,Morning,4.36,33.1
ORD_14327,8.57,22.8,High,Sunny,Morning,4.06,57.9
ORD_14328,16.47,25.5,Medium,Sunny,Evening,3.98,66.4
ORD_14329,9.31,25.6,,,Evening,4.43,87.1
ORD_14330,5.97,24.5,High,Sunny,Evening,4.45,50.0
ORD_14331,7.16,19.2,High,Sunny,Morning,4.25,43.9
ORD_14332,7.3,16.9,Medium,Rainy,Night,4.65,43.8
ORD_14333,5.0,15.5,Jam,Clear,Evening,3.85,49.0
ORD_14334,7.67,11.0,High,Rainy,Night,4.28,44.8
ORD_14335,4.85,26.0,High,Cloudy,Afternoon,4.57,41.9
ORD_14336,7.89,19.0,High,Cloudy,Afternoon,4.53,53.4
ORD_14337,6.43,12.5,,Sunny,Morning,4.3,33.8
ORD_14338,5.8,15.0,Medium,Sunny,Night,4.15,34.0
ORD_14339,5.91,14.8,Low,Cloudy,Morning,4.4,27.8
ORD_14340,10.19,20.3,Medium,Stormy,Morning,4.36,59.5
ORD_14341,9.65,26.4,Low,Sunny,Morning,4.39,38.5
ORD_14342,5.62,17.9,Jam,Foggy,Evening,4.49,67.4
ORD_14343,9.97,8.0,Low,Sunny,Night,4.95,25.3
ORD_14344,6.35,18.9,Jam,Rainy,Evening,4.5,66.6
ORD_14345,6.41,19.1,High,,Evening,4.24,44.1
ORD_14346,5.0,18.7,Low,Cloudy,Night,4.65,22.3
ORD_14347,15.51,16.2,High,Rainy,Morning,4.11,79.8
ORD_14348,14.62,21.3,Low,Rainy,Night,4.81,52.7
ORD_14349,4.35,20.4,Medium,Rainy,Afternoon,4.48,42.2
ORD_14350,5.42,19.9,High,Clear,Evening,4.25,50.2
ORD_14351,8.25,22.5,Medium,Sunny,Morning,4.41,44.9
ORD_14352,9.13,17.4,Medium,Clear,Morning,4.79,35.0
ORD_14353,3.36,17.1,High,Clear,Afternoon,4.64,35.4
ORD_14354,3.75,28.3,Jam,Clear,Morning,4.13,48.7
ORD_14355,1.0,23.4,Medium,Clear,Evening,4.42,30.6
ORD_14356,9.15,25.0,Low,Cloudy,Morning,4.24,44.4
ORD_14357,2.4,27.4,Medium,,Morning,3.94,39.7
ORD_14358,4.37,23.2,Low,Clear,Night,4.8,26.5
ORD_14359,10.83,25.6,Low,Cloudy,Night,4.52,48.5
ORD_14360,10.55,10.5,Low,Clear,Night,4.71,32.2
ORD_14361,15.04,21.2,High,Clear,Evening,4.74,80.4
ORD_14362,17.84,18.9,Jam,Cloudy,Evening,4.93,180.0
ORD_14363,25.0,30.1,Medium,Sunny,Evening,4.69,97.3
ORD_14364,5.32,25.6,Medium,Sunny,Evening,4.03,45.9
ORD_14365,4.56,16.2,High,Clear,Afternoon,4.79,76.3
ORD_14366,8.43,22.2,Low,Cloudy,Morning,4.18,38.2
ORD_14367,2.6,21.0,High,Clear,Afternoon,4.79,27.2
ORD_14368,5.74,22.7,Medium,Clear,Evening,4.53,32.2
ORD_14369,7.26,13.9,High,Sunny,Evening,4.59,45.7
ORD_14370,8.8,22.2,High,Rainy,Evening,4.58,64.0
ORD_14371,9.35,18.6,,Clear,Morning,4.82,40.5
ORD_14372,5.63,21.7,High,Clear,Afternoon,4.67,40.1
ORD_14373,2.88,15.7,Jam,Clear,Evening,3.72,39.8
ORD_14374,3.33,16.5,High,Sunny,Evening,4.19,29.6
ORD_14375,1.48,27.0,Medium,Clear,Afternoon,4.94,31.5
ORD_14376,4.67,13.7,Low,Clear,Afternoon,4.16,21.0
ORD_14377,2.56,14.1,High,Stormy,Evening,4.34,36.6
ORD_14378,4.87,19.7,Low,Clear,Night,4.94,27.8
ORD_14379,8.38,15.4,Low,Sunny,Night,4.7,26.1
ORD_14380,2.93,14.7,Low,Stormy,Morning,4.33,34.3
ORD_14381,7.02,20.6,Medium,Clear,Evening,4.56,42.8
ORD_14382,5.59,11.0,Medium,Cloudy,Afternoon,4.4,25.8
ORD_14383,8.13,14.0,High,Sunny,Evening,4.37,47.1
ORD_14384,9.25,32.3,Jam,Foggy,Evening,4.32,100.0
ORD_14385,5.38,22.8,High,Foggy,Afternoon,4.61,47.3
ORD_14386,6.68,15.5,High,Sunny,Evening,4.4,40.9
ORD_14387,5.61,22.5,High,Clear,Evening,4.76,46.6
ORD_14388,4.97,23.4,Low,Sunny,Night,4.41,29.9
ORD_14389,4.23,26.0,Medium,Foggy,Morning,4.1,41.8
ORD_14390,8.76,19.2,Medium,,Morning,4.35,38.4
ORD_14391,13.58,25.9,Medium,Stormy,Evening,4.75,76.9
ORD_14392,12.68,8.0,High,Rainy,Evening,4.46,63.0
ORD_14393,2.74,13.7,High,Clear,Evening,4.1,23.5
ORD_14394,13.44,21.0,Low,Rainy,Night,4.65,49.3
ORD_14395,3.61,22.0,Low,Clear,Afternoon,4.34,30.5
ORD_14396,7.26,14.5,Medium,Sunny,Afternoon,4.51,33.4
ORD_14397,8.03,21.6,Low,Sunny,Night,4.28,28.4
ORD_14398,2.26,16.3,High,Sunny,Evening,3.9,25.9
ORD_14399,5.98,18.3,Low,Sunny,Afternoon,4.33,33.2
ORD_14400,13.9,26.1,Medium,Sunny,Evening,4.72,66.2
ORD_14401,1.09,25.5,Low,Cloudy,Evening,4.89,26.5
ORD_14402,22.22,14.0,Jam,Cloudy,Afternoon,4.72,164.9
ORD_14403,1.42,13.7,Medium,Stormy,Afternoon,4.92,25.1
ORD_14404,7.91,17.5,Low,Cloudy,Afternoon,4.61,30.1
ORD_14405,2.34,19.8,Medium,Cloudy,Morning,4.46,24.0
ORD_14406,8.65,16.1,Low,,Night,4.32,32.9
ORD_14407,12.37,26.2,Medium,Clear,Morning,4.92,56.4
ORD_14408,10.53,22.1,Low,Clear,Morning,4.3,43.8
ORD_14409,11.51,22.4,Jam,Sunny,Evening,4.65,95.0
ORD_14410,5.62,12.4,Jam,Cloudy,Evening,4.29,56.4
ORD_14411,2.45,27.0,High,Cloudy,Evening,4.87,43.9
ORD_14412,13.85,8.0,High,Foggy,Afternoon,4.79,102.7
ORD_14413,19.44,25.0,Low,Sunny,Night,4.48,65.4
ORD_14414,7.05,25.6,Jam,Cloudy,Evening,4.51,78.7
ORD_14415,5.23,17.4,Medium,Rainy,Afternoon,4.61,41.7
ORD_14416,3.96,27.6,Medium,Sunny,Evening,4.43,39.0
ORD_14417,10.14,19.6,Low,Sunny,Afternoon,4.02,39.5
ORD_14418,11.82,20.4,Low,Foggy,Night,4.49,43.5
ORD_14419,5.23,22.0,High,,Evening,4.62,39.0
ORD_14420,15.55,39.1,,,Night,4.98,69.9
ORD_14421,9.66,28.1,High,Foggy,Afternoon,4.32,69.5
ORD_14422,7.0,24.2,Low,Sunny,Night,4.46,71.5
ORD_14423,8.06,14.5,Jam,Clear,Evening,4.48,70.6
ORD_14424,3.39,20.9,High,Rainy,Evening,4.39,36.3
ORD_14425,10.08,15.1,High,Rainy,Afternoon,4.87,57.2
ORD_14426,3.55,24.9,Low,Clear,Night,4.37,30.6
ORD_14427,4.81,20.8,High,,Afternoon,4.85,35.0
ORD_14428,6.37,13.3,Low,Sunny,Evening,3.95,27.4
ORD_14429,17.74,20.5,Low,Rainy,Evening,4.38,62.9
ORD_14430,7.69,14.9,,Clear,Afternoon,4.64,41.3
ORD_14431,3.79,20.9,High,Sunny,Afternoon,4.36,35.2
ORD_14432,8.08,14.8,High,,Evening,4.43,94.3
ORD_14433,9.33,20.2,Medium,Sunny,Morning,4.61,39.7
ORD_14434,12.92,24.5,Medium,Foggy,Evening,4.18,61.4
ORD_14435,6.57,19.7,Medium,Foggy,Evening,4.89,41.7
ORD_14436,4.18,17.7,Jam,Clear,Evening,4.29,53.4
ORD_14437,20.37,21.2,Medium,Clear,Afternoon,4.77,72.3
ORD_14438,8.09,24.2,High,Clear,Evening,4.54,51.3
ORD_14439,3.81,13.4,High,Sunny,Evening,4.55,30.2
ORD_14440,6.53,21.6,Low,Cloudy,Evening,3.96,36.8
ORD_14441,4.81,27.9,Low,Sunny,Afternoon,4.7,34.2
ORD_14442,13.36,23.4,Medium,Clear,Afternoon,4.21,54.2
ORD_14443,9.28,20.3,High,Clear,Evening,4.68,55.9
ORD_14444,5.47,23.8,Medium,Clear,Evening,4.76,33.6
ORD_14445,11.82,22.7,Low,Sunny,Afternoon,4.18,44.1
ORD_14446,6.21,24.5,Medium,Cloudy,Evening,4.22,45.0
ORD_14447,6.44,8.0,Low,Clear,Night,4.88,14.9
ORD_14448,4.1,10.7,Low,Clear,Morning,4.29,17.2
ORD_14449,4.08,26.0,Medium,Rainy,Evening,4.36,41.9
ORD_14450,19.62,11.0,Low,Rainy,Night,3.97,52.6
ORD_14451,11.51,22.4,Medium,Clear,Night,4.77,48.9
ORD_14452,1.67,17.9,Medium,Sunny,Afternoon,4.78,19.9
ORD_14453,3.49,14.0,High,Clear,Afternoon,4.34,28.4
ORD_14454,3.01,22.1,Low,,Night,3.57,30.5
ORD_14455,6.91,21.2,High,Cloudy,Morning,4.44,47.0
ORD_14456,5.11,32.7,Low,Sunny,Evening,4.25,44.1
ORD_14457,14.87,16.3,Medium,Cloudy,Evening,4.47,53.7
ORD_14458,5.42,28.6,Jam,Foggy,Evening,4.3,70.7
ORD_14459,18.5,22.1,High,Cloudy,Afternoon,4.49,92.1
ORD_14460,6.33,16.0,Low,Sunny,Night,4.33,28.5
ORD_14461,20.75,24.8,Low,Sunny,Afternoon,4.65,62.1
ORD_14462,5.87,23.4,Jam,Clear,Evening,3.89,66.7
ORD_14463,5.95,20.2,Medium,Cloudy,Evening,4.58,34.4
ORD_14464,11.36,21.6,High,Clear,Afternoon,4.24,64.5
ORD_14465,10.43,16.4,Jam,Clear,Morning,3.94,84.4
ORD_14466,2.66,15.0,Low,Clear,Night,4.22,23.3
ORD_14467,7.01,24.6,Jam,Clear,Evening,4.64,78.5
ORD_14468,5.08,18.7,High,Cloudy,Evening,3.95,47.0
ORD_14469,4.86,19.5,High,Rainy,Evening,4.58,43.8
ORD_14470,6.99,21.7,Medium,Stormy,Morning,4.28,55.6
ORD_14471,5.56,21.6,Low,Cloudy,Evening,4.65,27.7
ORD_14472,7.44,11.4,High,Clear,Morning,4.04,43.4
ORD_14473,3.38,27.7,,Clear,Evening,4.38,38.3
ORD_14474,2.22,20.7,High,Clear,Morning,4.71,23.1
ORD_14475,11.61,18.8,High,Clear,Evening,4.17,66.8
ORD_14476,12.64,22.6,Low,Sunny,Evening,4.78,46.7
ORD_14477,11.2,21.4,Medium,Foggy,Afternoon,4.17,53.0
ORD_14478,6.81,24.6,High,Cloudy,Afternoon,3.58,54.1
ORD_14479,5.29,23.2,Medium,Rainy,Morning,4.83,45.8
ORD_14480,4.45,24.3,,Sunny,Night,4.31,40.2
ORD_14481,3.92,28.1,Low,Sunny,Morning,4.76,100.3
ORD_14482,6.33,25.3,High,Foggy,Evening,4.68,56.5
ORD_14483,12.46,19.0,High,Cloudy,Afternoon,4.72,62.7
ORD_14484,4.21,13.3,Low,Sunny,Night,4.85,19.9
ORD_14485,12.48,30.0,Medium,Clear,Evening,4.71,63.7
ORD_14486,2.31,18.6,High,Clear,Morning,4.62,26.0
ORD_14487,7.67,17.2,High,Rainy,Evening,4.13,55.3
ORD_14488,8.63,9.6,Medium,Clear,Night,4.49,23.6
ORD_14489,4.76,22.0,Jam,Sunny,Evening,4.63,60.1
ORD_14490,3.23,20.9,High,Cloudy,Evening,4.22,37.8
ORD_14491,10.75,10.9,,Cloudy,Afternoon,4.49,52.3
ORD_14492,6.84,22.7,Medium,Clear,Morning,4.76,40.0
ORD_14493,24.26,17.0,High,Clear,Afternoon,4.16,102.0
ORD_14494,12.57,36.1,Medium,Cloudy,Evening,4.34,74.0
ORD_14495,12.63,16.6,Jam,Sunny,Evening,4.5,101.3
ORD_14496,1.0,17.4,Medium,Clear,Night,4.37,18.2
ORD_14497,4.26,14.8,Medium,Stormy,Evening,3.69,41.0
ORD_14498,2.97,27.7,Medium,Rainy,Morning,4.73,37.7
ORD_14499,1.41,17.8,High,Sunny,Evening,4.64,22.9
ORD_14500,6.51,15.7,High,Cloudy,Evening,4.76,42.2
ORD_14501,10.6,24.2,Jam,Clear,Evening,4.84,95.9
ORD_14502,3.46,11.7,Low,Foggy,Evening,4.74,22.9
ORD_14503,1.48,23.8,Jam,Stormy,Morning,4.88,46.3
ORD_14504,3.66,30.7,Low,Cloudy,Morning,4.46,38.0
ORD_14505,6.04,23.4,High,Cloudy,Evening,4.92,44.3
ORD_14506,5.76,23.8,Medium,,Morning,4.7,38.9
ORD_14507,6.71,25.2,Medium,Cloudy,Evening,4.48,45.1
ORD_14508,8.53,30.3,Medium,Sunny,Afternoon,4.57,48.1
ORD_14509,6.61,27.3,Medium,Sunny,Night,4.14,45.1
ORD_14510,10.94,22.6,Low,Clear,Night,4.79,40.2
ORD_14511,3.5,25.4,Low,Sunny,Night,4.8,30.2
ORD_14512,5.61,14.7,Medium,Sunny,Night,4.52,23.8
ORD_14513,9.35,24.7,Medium,Clear,Night,4.16,44.5
ORD_14514,7.88,14.0,Jam,Rainy,Evening,4.71,74.0
ORD_14515,17.3,17.8,Low,Sunny,Night,4.17,45.0
ORD_14516,3.6,8.0,Jam,Sunny,Evening,4.49,28.2
ORD_14517,9.45,22.4,High,Clear,Evening,4.69,63.3
ORD_14518,4.41,16.1,Low,Sunny,Morning,4.8,21.8
ORD_14519,4.1,26.7,Jam,Cloudy,Evening,4.21,57.4
ORD_14520,12.15,22.3,Low,Sunny,Night,4.61,43.5
ORD_14521,6.56,26.7,High,Sunny,Evening,4.42,52.6
ORD_14522,7.8,13.5,High,Cloudy,Morning,4.92,39.8
ORD_14523,4.64,26.2,High,Sunny,Evening,4.89,47.7
ORD_14524,4.81,32.6,High,Sunny,Evening,4.19,51.6
ORD_14525,2.19,24.6,High,Clear,Evening,4.39,36.7
ORD_14526,7.44,24.7,Medium,Sunny,Evening,4.48,102.0
ORD_14527,3.27,21.0,High,Cloudy,Afternoon,4.78,29.3
ORD_14528,6.1,16.9,High,Sunny,Night,4.81,39.6
ORD_14529,10.93,24.6,High,Clear,Evening,4.8,67.3
ORD_14530,1.74,11.0,Jam,Clear,Afternoon,4.73,18.4
ORD_14531,25.0,17.5,High,Clear,Evening,4.72,114.1
ORD_14532,4.04,9.4,Medium,Clear,Afternoon,4.52,18.8
ORD_14533,6.21,15.8,High,Sunny,Afternoon,4.8,35.7
ORD_14534,7.8,23.9,Low,Clear,Night,4.94,41.4
ORD_14535,3.95,23.0,High,Cloudy,Night,4.63,38.2
ORD_14536,4.92,20.3,High,Foggy,Afternoon,4.73,39.0
ORD_14537,12.37,21.0,High,Clear,Morning,4.08,69.2
ORD_14538,10.26,8.7,Medium,Rainy,Morning,4.19,41.4
ORD_14539,5.69,17.8,High,Cloudy,Night,4.84,34.6
ORD_14540,6.66,15.9,Medium,Rainy,Night,4.37,37.1
ORD_14541,7.25,16.0,High,Clear,Evening,4.57,46.2
ORD_14542,9.21,23.6,Jam,Foggy,Afternoon,4.24,86.7
ORD_14543,9.6,14.8,,Foggy,Afternoon,4.1,39.4
ORD_14544,9.45,16.4,Low,Foggy,Night,3.98,34.0
ORD_14545,5.13,8.0,Medium,Rainy,Afternoon,4.74,22.4
ORD_14546,7.12,18.2,,Clear,Evening,4.43,69.4
ORD_14547,11.63,13.5,Medium,Clear,Evening,4.54,45.7
ORD_14548,20.34,20.5,Medium,Foggy,Afternoon,4.51,72.6
ORD_14549,7.0,14.3,Low,Clear,Afternoon,4.88,25.0
ORD_14550,4.69,20.6,Medium,Clear,Afternoon,4.62,27.1
ORD_14551,3.9,19.1,Medium,Clear,Evening,3.92,30.1
ORD_14552,9.49,30.0,High,Cloudy,Evening,4.09,67.9
ORD_14553,2.11,23.0,Medium,Sunny,Evening,4.72,30.7
ORD_14554,9.55,9.0,High,Foggy,Morning,4.55,53.2
ORD_14555,9.64,12.4,Medium,Rainy,Afternoon,4.62,39.0
ORD_14556,4.8,20.3,Low,Sunny,Morning,4.77,79.7
ORD_14557,7.69,14.4,High,Cloudy,Morning,4.7,45.2
ORD_14558,5.81,8.0,High,Sunny,Evening,3.94,28.6
ORD_14559,2.57,28.1,Low,Clear,Night,3.97,29.2
ORD_14560,9.15,24.3,Jam,Rainy,Evening,4.82,96.2
ORD_14561,8.67,23.1,Medium,Sunny,Evening,4.8,49.8
ORD_14562,5.05,16.4,Medium,Sunny,Evening,4.18,28.9
ORD_14563,20.16,22.6,Low,Clear,Night,4.75,55.4
ORD_14564,6.69,15.8,Low,Cloudy,Evening,4.04,34.8
ORD_14565,1.61,21.2,Medium,Sunny,Evening,3.95,31.2
ORD_14566,11.97,14.5,High,Clear,Afternoon,4.46,57.6
ORD_14567,10.43,29.1,Low,Rainy,Morning,4.19,54.2
ORD_14568,11.14,10.6,Medium,Clear,Evening,4.75,41.5
ORD_14569,3.39,27.4,High,Sunny,Night,4.66,38.7
ORD_14570,7.57,20.2,High,Rainy,Evening,4.32,57.7
ORD_14571,6.62,17.1,Low,Rainy,Morning,4.72,41.5
ORD_14572,5.98,21.0,High,Rainy,Evening,4.93,52.2
ORD_14573,13.76,24.4,Low,Rainy,Evening,4.79,55.1
ORD_14574,6.75,28.2,Low,Clear,Night,4.31,40.4
ORD_14575,5.16,21.9,Medium,Foggy,Morning,4.8,37.0
ORD_14576,5.13,14.7,Jam,Clear,Evening,4.46,50.4
ORD_14577,3.22,20.3,,Clear,Evening,4.54,32.5
ORD_14578,7.15,30.9,Medium,Clear,Night,4.78,48.7
ORD_14579,14.36,28.1,Medium,Foggy,Evening,4.63,61.8
ORD_14580,5.43,25.5,Low,Sunny,Night,4.57,31.7
ORD_14581,7.83,24.8,Low,Clear,Morning,4.5,37.8
ORD_14582,5.92,24.2,Medium,,Morning,4.47,38.9
ORD_14583,6.32,27.0,Medium,Clear,Afternoon,4.63,38.8
ORD_14584,10.7,17.3,Jam,Cloudy,Evening,4.15,91.9
ORD_14585,3.19,11.9,Jam,Clear,Afternoon,4.33,32.2
ORD_14586,2.27,20.4,Medium,Sunny,Afternoon,3.86,21.2
ORD_14587,11.98,15.1,Medium,Cloudy,Evening,4.6,47.7
ORD_14588,4.72,13.7,High,Cloudy,Evening,4.21,38.3
ORD_14589,5.2,15.7,High,Rainy,Evening,3.77,41.8
ORD_14590,22.6,34.9,Low,Clear,Morning,4.6,77.4
ORD_14591,10.39,20.8,Low,Clear,Night,4.45,38.5
ORD_14592,3.72,22.2,Low,Cloudy,Evening,4.8,26.6
ORD_14593,12.46,12.7,Medium,Rainy,Afternoon,4.75,48.2
ORD_14594,10.53,8.9,Low,Sunny,Evening,4.29,30.7
ORD_14595,1.0,15.1,Jam,Rainy,Afternoon,4.79,30.9
ORD_14596,7.31,28.6,Medium,Sunny,Evening,4.31,48.1
ORD_14597,3.3,22.0,Medium,Clear,Afternoon,4.6,30.1
ORD_14598,6.31,23.6,Jam,Sunny,Night,4.6,61.3
ORD_14599,20.38,24.4,Low,Clear,Night,4.34,61.8
ORD_14600,10.96,16.5,High,Sunny,Morning,4.58,60.0
ORD_14601,11.8,28.3,Medium,,Morning,4.71,52.4
ORD_14602,5.93,16.2,Medium,Clear,Afternoon,4.53,30.3
ORD_14603,11.83,28.4,Low,Rainy,Evening,4.55,61.0
ORD_14604,4.13,22.7,Medium,Clear,Morning,4.65,32.3
ORD_14605,7.25,9.3,High,Clear,Evening,4.42,105.2
ORD_14606,10.67,15.5,Medium,Stormy,Afternoon,4.87,56.7
ORD_14607,10.48,9.3,High,Sunny,Evening,4.98,45.5
ORD_14608,2.38,27.0,High,Sunny,Evening,4.76,38.5
ORD_14609,17.91,19.9,Low,Rainy,Night,3.77,63.5
ORD_14610,3.62,8.0,Medium,Sunny,Morning,4.6,15.5
ORD_14611,24.86,22.3,Medium,Clear,Evening,4.45,84.6
ORD_14612,10.85,16.8,Jam,Sunny,Evening,4.83,88.5
ORD_14613,10.33,11.1,High,Cloudy,Evening,4.48,54.2
ORD_14614,3.83,30.1,Medium,Rainy,Afternoon,4.73,106.8
ORD_14615,4.85,20.6,Medium,Clear,Morning,4.78,107.9
ORD_14616,17.1,18.2,Jam,Clear,Evening,4.22,139.5
ORD_14617,15.86,17.6,Jam,Clear,Evening,4.37,124.6
ORD_14618,6.03,10.9,Low,Sunny,Morning,4.76,19.1
ORD_14619,5.72,12.2,High,Clear,Afternoon,4.58,27.9
ORD_14620,5.83,27.7,Low,Rainy,Morning,4.87,46.2
ORD_14621,12.51,17.2,Low,Stormy,Evening,4.55,65.4
ORD_14622,11.83,20.1,Jam,,Evening,4.27,103.5
ORD_14623,8.38,8.0,Medium,Stormy,Evening,4.47,46.0
ORD_14624,7.29,12.1,Medium,Clear,Afternoon,4.57,29.1
ORD_14625,5.99,23.7,Medium,Rainy,Morning,4.64,47.1
ORD_14626,23.75,22.3,Jam,Cloudy,Evening,4.69,180.0
ORD_14627,2.58,30.5,Medium,Clear,Afternoon,4.58,36.8
ORD_14628,5.24,28.1,Low,Clear,Morning,4.79,36.4
ORD_14629,8.04,18.6,Low,Sunny,Evening,4.12,37.9
ORD_14630,2.21,22.8,Low,Rainy,Afternoon,4.37,33.2
ORD_14631,4.64,18.1,Medium,Rainy,Evening,4.44,40.4
ORD_14632,20.23,32.3,,Cloudy,Morning,4.47,107.0
ORD_14633,11.38,26.9,Low,Cloudy,Afternoon,4.87,51.3
ORD_14634,4.62,21.0,Medium,Clear,Afternoon,3.99,35.5
ORD_14635,4.53,21.2,Jam,Cloudy,Evening,4.21,54.6
ORD_14636,2.59,28.7,High,Cloudy,Evening,4.71,39.8
ORD_14637,5.04,23.5,Low,Clear,Evening,4.94,30.3
ORD_14638,9.27,29.4,High,Foggy,Evening,4.43,67.8
ORD_14639,8.36,8.0,High,Sunny,Morning,4.66,37.9
ORD_14640,5.21,22.8,Medium,Rainy,Afternoon,4.01,43.3
ORD_14641,3.58,16.9,Low,Sunny,Night,4.67,21.9
ORD_14642,5.94,30.5,Medium,Foggy,Afternoon,4.65,54.3
ORD_14643,5.86,29.3,High,Clear,Evening,4.38,52.0
ORD_14644,10.55,20.2,Low,Sunny,Night,4.56,36.0
ORD_14645,7.65,29.2,High,Clear,Morning,4.46,57.7
ORD_14646,7.05,30.7,High,Clear,Evening,4.6,56.2
ORD_14647,13.14,20.4,Medium,Clear,Afternoon,4.81,56.2
ORD_14648,15.78,34.8,High,Sunny,Afternoon,4.78,97.8
ORD_14649,8.3,19.8,Low,Rainy,Afternoon,4.83,43.1
ORD_14650,8.42,18.7,High,Sunny,Evening,4.21,55.6
ORD_14651,6.2,25.2,High,Sunny,Afternoon,4.94,46.1
ORD_14652,3.8,17.9,Medium,Foggy,Morning,4.79,77.0
ORD_14653,11.03,20.5,Low,Cloudy,Morning,4.61,46.2
ORD_14654,9.83,28.5,Medium,Clear,Morning,4.31,52.5
ORD_14655,6.51,20.1,Low,Clear,Night,4.22,35.2
ORD_14656,7.67,9.8,Medium,Clear,Afternoon,4.63,93.0
ORD_14657,12.64,22.2,Low,Clear,Night,4.1,44.4
ORD_14658,13.85,15.8,Low,Clear,Evening,4.47,41.2
ORD_14659,1.0,25.2,High,Cloudy,Evening,4.35,33.4
ORD_14660,4.42,24.2,Medium,Clear,Afternoon,4.05,38.5
ORD_14661,6.5,28.8,Medium,Sunny,Afternoon,4.2,37.9
ORD_14662,3.21,25.4,High,,Evening,4.48,40.5
ORD_14663,7.79,26.5,Medium,Sunny,Afternoon,4.36,47.4
ORD_14664,4.57,16.0,,Rainy,Evening,4.54,36.7
ORD_14665,7.95,24.8,Medium,Stormy,Morning,3.97,53.8
ORD_14666,4.66,31.8,Low,Cloudy,Night,4.34,36.3
ORD_14667,4.79,15.9,Medium,Sunny,Morning,4.59,27.5
ORD_14668,7.91,30.8,High,Cloudy,Morning,4.55,56.8
ORD_14669,11.31,16.7,High,Cloudy,Evening,4.95,69.8
ORD_14670,9.5,14.9,Low,Sunny,Morning,4.63,103.8
ORD_14671,6.53,21.8,Medium,Cloudy,Morning,4.19,37.1
ORD_14672,1.72,24.3,Medium,Sunny,Morning,4.72,30.8
ORD_14673,4.72,25.5,Medium,Stormy,Morning,4.85,52.6
ORD_14674,4.39,14.2,Jam,Clear,Afternoon,4.74,40.9
ORD_14675,10.17,22.6,Medium,,Afternoon,4.47,50.0
ORD_14676,7.33,15.9,High,Sunny,Evening,4.81,38.5
ORD_14677,7.49,11.1,Jam,Cloudy,Afternoon,4.76,60.0
ORD_14678,3.92,14.4,Medium,Clear,Evening,4.87,23.9
ORD_14679,14.17,15.5,Low,Sunny,Evening,4.34,49.8
ORD_14680,7.46,23.1,Medium,Cloudy,Afternoon,4.6,39.2
ORD_14681,3.76,26.9,Low,Cloudy,Morning,3.97,38.6
ORD_14682,3.94,11.2,Low,Sunny,Night,4.26,15.0
ORD_14683,8.12,22.1,Jam,Sunny,Evening,4.54,81.3
ORD_14684,3.67,12.9,Jam,,Morning,4.17,38.2
ORD_14685,4.43,23.8,Medium,Cloudy,Night,3.72,32.3
ORD_14686,3.11,16.3,High,Rainy,Evening,4.31,37.3
ORD_14687,10.12,13.7,Low,Cloudy,Morning,4.81,36.1
ORD_14688,3.72,24.8,Low,Clear,Night,4.45,31.4
ORD_14689,15.49,16.5,Medium,Cloudy,Afternoon,3.97,52.3
ORD_14690,8.72,18.1,Low,Clear,Night,4.67,27.3
ORD_14691,3.1,8.0,Medium,Sunny,Morning,4.2,14.4
ORD_14692,9.45,25.7,Medium,Sunny,Morning,4.83,45.7
ORD_14693,14.18,24.9,Low,Rainy,Evening,4.1,58.6
ORD_14694,6.36,20.0,Low,,Morning,4.19,31.2
ORD_14695,15.12,10.8,,Cloudy,Morning,4.64,51.6
ORD_14696,8.82,27.3,High,Clear,Evening,3.71,63.1
ORD_14697,4.58,16.0,Medium,Foggy,Morning,4.74,28.4
ORD_14698,20.41,17.3,Low,Sunny,Night,4.51,50.8
ORD_14699,2.54,33.9,High,Cloudy,Afternoon,4.68,44.9
ORD_14700,5.44,15.8,Low,Cloudy,Night,4.31,25.5
ORD_14701,6.53,24.5,High,Clear,Afternoon,4.59,45.7
ORD_14702,18.49,23.4,,Foggy,Evening,4.75,78.0
ORD_14703,10.26,22.3,High,Cloudy,Afternoon,4.31,64.1
ORD_14704,9.28,21.7,High,Sunny,Evening,4.22,61.4
ORD_14705,4.13,22.3,High,Sunny,Afternoon,4.98,35.5
ORD_14706,6.22,21.6,Medium,Rainy,Afternoon,4.79,39.9
ORD_14707,4.65,19.7,Low,Clear,Morning,4.33,28.1
ORD_14708,9.1,29.1,High,Sunny,Morning,4.95,60.2
ORD_14709,12.92,12.1,Medium,Rainy,Afternoon,3.9,98.7
ORD_14710,23.02,26.1,Jam,Clear,Evening,3.89,180.0
ORD_14711,4.99,24.9,High,Cloudy,Afternoon,4.45,37.8
ORD_14712,2.49,24.2,Medium,Sunny,Afternoon,4.74,26.8
ORD_14713,5.5,26.7,Jam,Clear,Night,4.92,132.2
ORD_14714,11.93,19.4,High,Cloudy,Evening,4.47,72.3
ORD_14715,3.8,8.8,Medium,Rainy,Night,4.61,19.5
ORD_14716,6.68,19.6,Medium,Sunny,Night,4.73,34.5
ORD_14717,9.35,14.1,Medium,Clear,Morning,4.85,35.8
ORD_14718,5.05,15.6,Low,Clear,Night,4.66,24.1
ORD_14719,7.66,12.5,High,Stormy,Morning,4.61,53.0
ORD_14720,3.55,17.1,Low,Clear,Night,4.67,16.7
ORD_14721,13.43,16.4,High,Clear,Evening,4.53,108.2
ORD_14722,5.76,8.0,High,Stormy,Evening,4.49,45.7
ORD_14723,7.53,24.2,Low,Rainy,Evening,4.44,48.0
ORD_14724,1.78,33.3,Low,Cloudy,Night,3.92,36.4
ORD_14725,3.22,23.6,Medium,Clear,Evening,4.05,33.5
ORD_14726,11.7,18.8,Medium,Clear,Afternoon,4.66,49.1
ORD_14727,5.01,19.7,High,Clear,Morning,4.85,39.9
ORD_14728,3.68,17.5,High,,Evening,4.49,32.4
ORD_14729,2.34,20.5,Jam,Sunny,Morning,4.42,35.8
ORD_14730,13.29,19.8,Low,Clear,Evening,4.3,43.5
ORD_14731,10.01,15.0,High,,Evening,4.18,56.9
ORD_14732,9.63,30.1,Medium,Rainy,Afternoon,4.25,62.1
ORD_14733,16.28,11.1,Low,Rainy,Evening,4.16,55.6
ORD_14734,5.44,24.3,Jam,Cloudy,Evening,4.32,66.6
ORD_14735,2.51,19.4,Low,Clear,Night,4.38,22.9
ORD_14736,6.92,31.4,Medium,Rainy,Afternoon,4.19,63.1
ORD_14737,18.03,22.0,Low,Sunny,Night,4.53,54.8
ORD_14738,7.0,17.8,Medium,Sunny,Night,4.61,34.7
ORD_14739,12.73,18.5,High,Foggy,Evening,4.32,68.2
ORD_14740,2.58,20.2,Low,Clear,Night,4.63,25.2
ORD_14741,4.07,13.1,Medium,Sunny,Evening,4.63,32.3
ORD_14742,11.3,15.4,Low,Rainy,Morning,4.94,43.6
ORD_14743,7.43,9.3,Medium,Clear,Evening,4.48,32.3
ORD_14744,6.29,14.5,Jam,Sunny,Evening,4.56,61.6
ORD_14745,12.63,20.6,High,Stormy,Night,4.35,85.7
ORD_14746,11.22,21.8,Jam,Clear,Evening,4.66,100.1
ORD_14747,7.55,8.1,Jam,Sunny,Evening,4.58,55.5
ORD_14748,1.0,19.2,Jam,Cloudy,Evening,4.54,30.0
ORD_14749,6.74,23.4,High,Sunny,Afternoon,4.26,50.5
ORD_14750,8.66,19.0,Jam,Sunny,Morning,4.86,78.1
ORD_14751,1.82,16.2,Jam,Clear,Evening,4.81,29.3
ORD_14752,8.49,17.5,Medium,Clear,Afternoon,3.92,37.8
ORD_14753,12.96,16.8,Medium,Rainy,Afternoon,4.67,53.8
ORD_14754,6.73,16.2,High,Rainy,Evening,4.38,50.2
ORD_14755,3.39,21.0,High,Clear,Evening,4.67,35.8
ORD_14756,1.05,33.8,High,Sunny,Evening,4.41,41.5
ORD_14757,8.59,15.5,Medium,Sunny,Night,4.04,37.0
ORD_14758,2.0,18.1,High,Clear,Afternoon,4.35,23.6
ORD_14759,9.58,19.7,Low,Cloudy,Afternoon,4.89,33.8
ORD_14760,17.54,15.9,Medium,Clear,Evening,4.44,63.0
ORD_14761,4.2,26.6,Jam,Rainy,Evening,4.62,62.5
ORD_14762,5.85,8.0,High,Clear,Evening,3.84,38.1
ORD_14763,18.1,16.8,Medium,Rainy,Morning,4.77,71.2
ORD_14764,7.24,24.9,Jam,Sunny,Evening,4.73,75.7
ORD_14765,5.04,18.2,Medium,Cloudy,Evening,3.66,33.7
ORD_14766,11.93,15.1,Medium,Rainy,Afternoon,4.57,46.7
ORD_14767,5.22,22.6,Low,Clear,Morning,4.85,31.7
ORD_14768,4.01,25.4,Jam,Cloudy,Evening,4.34,56.4
ORD_14769,9.5,21.3,High,Cloudy,Morning,4.45,53.3
ORD_14770,12.47,15.2,Medium,Sunny,Afternoon,4.63,46.5
ORD_14771,3.99,22.7,High,Sunny,Morning,4.5,37.8
ORD_14772,7.6,17.6,Jam,Clear,Afternoon,4.28,59.7
ORD_14773,6.01,24.5,High,Clear,Afternoon,4.34,43.8
ORD_14774,6.62,28.9,High,Sunny,Morning,4.25,51.9
ORD_14775,3.42,8.0,High,Clear,Morning,4.41,17.3
ORD_14776,9.92,20.7,High,Foggy,Evening,4.38,66.3
ORD_14777,15.45,9.6,Medium,Cloudy,Morning,4.21,55.7
ORD_14778,3.93,34.7,Medium,Sunny,Evening,4.83,47.3
ORD_14779,9.91,17.2,Low,Clear,Evening,4.59,39.5
ORD_14780,11.77,24.5,High,Cloudy,Morning,4.68,67.4
ORD_14781,7.57,19.8,Low,Clear,Morning,4.55,35.4
ORD_14782,9.67,15.2,High,,Evening,4.41,54.6
ORD_14783,4.24,14.5,Medium,Clear,Afternoon,4.61,23.9
ORD_14784,14.96,29.5,High,Cloudy,Evening,4.23,87.8
ORD_14785,12.53,25.7,Medium,Sunny,Evening,4.65,54.0
ORD_14786,13.34,31.7,High,Cloudy,Morning,4.61,85.8
ORD_14787,3.02,20.3,Jam,Clear,Evening,4.22,43.5
ORD_14788,8.97,21.7,High,Clear,Night,4.06,53.5
ORD_14789,4.45,18.4,Medium,Clear,Morning,4.63,34.7
ORD_14790,15.69,18.3,Jam,Sunny,Morning,4.33,120.3
ORD_14791,3.99,13.7,High,Clear,Evening,4.7,32.2
ORD_14792,7.75,20.5,Low,Clear,Night,4.39,39.4
ORD_14793,1.42,15.3,Medium,Clear,Afternoon,4.8,18.5
ORD_14794,7.73,22.7,High,Cloudy,Afternoon,4.39,48.9
ORD_14795,3.05,21.0,Low,Sunny,Morning,4.7,29.3
ORD_14796,9.24,21.7,High,Foggy,Afternoon,4.18,59.4
ORD_14797,6.12,30.1,High,Sunny,Morning,4.11,52.0
ORD_14798,5.32,19.8,Medium,Clear,Afternoon,3.85,30.7
ORD_14799,15.91,24.5,Low,Cloudy,Evening,4.4,62.9
ORD_14800,21.21,32.3,Medium,Sunny,Night,4.34,148.2
ORD_14801,2.43,27.8,High,Cloudy,Evening,4.53,37.6
ORD_14802,5.43,26.9,Medium,Foggy,Evening,4.68,50.9
ORD_14803,10.83,18.2,,Sunny,Afternoon,4.66,52.7
ORD_14804,8.37,21.4,High,Sunny,Morning,4.65,52.7
ORD_14805,10.49,12.1,Jam,Cloudy,Evening,4.14,84.2
ORD_14806,6.4,23.0,High,Cloudy,Evening,4.66,52.0
ORD_14807,12.82,21.6,Low,Sunny,Evening,4.68,46.0
ORD_14808,7.55,20.1,Medium,Clear,Morning,4.36,35.0
ORD_14809,8.66,26.2,High,Stormy,Evening,4.8,74.5
ORD_14810,3.05,12.8,High,Sunny,Morning,4.01,23.8
ORD_14811,7.09,29.8,Jam,Clear,Afternoon,4.71,78.2
ORD_14812,10.9,25.4,High,Stormy,Morning,4.31,80.9
ORD_14813,8.09,19.6,Medium,Rainy,Night,4.24,51.8
ORD_14814,7.29,19.1,Medium,Clear,Morning,4.1,36.5
ORD_14815,8.98,22.9,Low,Clear,Night,4.55,41.2
ORD_14816,7.52,29.1,Low,Cloudy,Night,4.77,41.1
ORD_14817,6.53,20.6,Jam,Clear,Evening,3.99,66.8
ORD_14818,11.09,20.9,Medium,Clear,Night,4.5,48.9
ORD_14819,6.25,20.1,Medium,Stormy,Morning,4.4,47.1
ORD_14820,2.92,30.7,Medium,Sunny,Evening,4.13,44.3
ORD_14821,15.51,17.8,Medium,Cloudy,Evening,4.7,61.8
ORD_14822,4.54,19.8,Medium,Cloudy,Morning,4.57,34.9
ORD_14823,2.34,28.8,Jam,Cloudy,Evening,4.29,51.1
ORD_14824,9.63,20.9,Low,,Afternoon,4.8,44.1
ORD_14825,16.62,26.8,Medium,Sunny,Afternoon,4.93,68.5
ORD_14826,9.76,14.5,Medium,Cloudy,Night,4.41,42.5
ORD_14827,14.27,18.8,Medium,Rainy,Evening,4.71,63.1
ORD_14828,3.7,28.9,Low,Foggy,Morning,4.77,39.8
ORD_14829,2.95,15.9,Low,Cloudy,Night,4.32,22.7
ORD_14830,5.41,19.1,Medium,Rainy,Morning,4.73,39.5
ORD_14831,12.29,21.5,Low,Clear,Night,4.45,45.5
ORD_14832,9.26,14.1,High,Clear,Night,4.61,52.2
ORD_14833,9.66,17.5,Low,Clear,Night,4.6,30.6
ORD_14834,7.28,20.7,High,Clear,Evening,4.67,50.0
ORD_14835,5.48,20.3,Medium,Clear,Evening,3.89,34.0
ORD_14836,7.48,27.7,High,Clear,Evening,3.95,58.2
ORD_14837,6.12,29.2,High,Stormy,Evening,4.7,67.3
ORD_14838,5.24,14.9,Medium,Clear,Afternoon,4.61,25.6
ORD_14839,8.5,20.7,High,Sunny,Afternoon,4.38,54.5
ORD_14840,5.76,24.0,Medium,Rainy,Evening,4.25,49.0
ORD_14841,7.94,29.1,High,Clear,Evening,4.69,58.7
ORD_14842,1.56,24.3,High,Clear,Evening,3.87,36.1
ORD_14843,7.55,21.7,High,Clear,Evening,4.58,51.5
ORD_14844,5.74,24.0,Jam,Clear,Evening,4.13,63.4
ORD_14845,14.7,24.0,Jam,Foggy,Evening,4.7,125.5
ORD_14846,2.26,14.4,High,Rainy,Morning,4.15,26.2
ORD_14847,7.22,21.2,High,Rainy,Afternoon,4.85,52.2
ORD_14848,10.97,28.8,Low,Rainy,Afternoon,4.01,56.5
ORD_14849,6.27,18.8,High,Clear,Evening,4.89,46.3
ORD_14850,5.62,20.8,Low,Rainy,Morning,4.98,31.2
ORD_14851,10.95,18.5,Medium,Cloudy,Evening,4.54,54.9
ORD_14852,9.13,8.0,Medium,Foggy,Morning,4.44,33.6
ORD_14853,9.53,20.1,High,Clear,Afternoon,4.53,53.6
ORD_14854,5.25,21.8,High,Sunny,Evening,4.2,43.0
ORD_14855,4.84,16.9,Medium,Clear,Morning,4.67,26.8
ORD_14856,7.94,13.1,High,Clear,Evening,4.82,43.3
ORD_14857,11.47,14.7,Medium,Cloudy,Night,4.69,41.8
ORD_14858,2.65,24.6,Jam,Clear,Evening,4.6,43.6
ORD_14859,6.41,31.8,Medium,Sunny,Evening,4.77,54.0
ORD_14860,4.98,28.3,Jam,Cloudy,Evening,4.17,63.5
ORD_14861,6.88,11.9,Medium,Clear,Afternoon,4.23,34.1
ORD_14862,10.38,25.1,Jam,Clear,Evening,4.28,98.4
ORD_14863,3.94,16.0,Low,Foggy,Afternoon,4.53,22.7
ORD_14864,9.72,16.5,Medium,Rainy,Afternoon,4.09,107.1
ORD_14865,5.36,17.2,Jam,Cloudy,Morning,4.5,51.6
ORD_14866,12.5,24.2,High,Rainy,Evening,4.84,79.3
ORD_14867,4.09,25.8,High,Clear,Evening,4.33,47.4
ORD_14868,11.38,19.4,Medium,Clear,Night,4.53,48.2
ORD_14869,2.86,19.5,Medium,Clear,Afternoon,4.58,22.4
ORD_14870,7.63,22.8,Low,Sunny,Afternoon,4.55,39.7
ORD_14871,9.84,23.4,Medium,Sunny,Evening,4.09,47.7
ORD_14872,4.17,27.1,Medium,Clear,Evening,4.23,37.4
ORD_14873,1.22,12.3,Jam,Clear,Afternoon,4.56,22.5
ORD_14874,5.08,20.1,High,Rainy,Afternoon,4.24,48.8
ORD_14875,6.93,13.6,Medium,Sunny,Evening,4.41,35.6
ORD_14876,5.6,19.7,High,Stormy,Afternoon,4.4,54.0
ORD_14877,4.78,18.6,Medium,Clear,Evening,4.46,32.4
ORD_14878,11.04,19.7,Medium,Cloudy,Evening,4.81,46.7
ORD_14879,13.22,15.2,High,Rainy,Morning,4.64,71.5
ORD_14880,12.79,11.1,Medium,Rainy,Morning,4.43,48.2
ORD_14881,8.91,8.0,Low,Clear,Night,4.04,23.1
ORD_14882,9.61,19.2,High,,Afternoon,3.85,62.4
ORD_14883,3.72,17.4,Jam,Clear,Morning,4.83,42.5
ORD_14884,6.55,15.9,High,Cloudy,Evening,4.59,40.5
ORD_14885,7.27,27.9,Medium,Sunny,Evening,4.32,52.2
ORD_14886,8.11,14.8,High,Sunny,Evening,4.84,50.6
ORD_14887,8.03,28.5,High,Clear,Evening,4.54,64.8
ORD_14888,6.94,29.7,Medium,Sunny,Night,4.96,42.7
ORD_14889,8.85,8.3,High,Clear,Morning,4.14,41.9
ORD_14890,7.82,20.6,Jam,Rainy,Evening,4.33,78.3
ORD_14891,7.81,17.6,Jam,Cloudy,Evening,4.82,128.4
ORD_14892,4.35,8.0,Medium,Sunny,Morning,4.69,18.9
ORD_14893,3.15,11.3,Medium,Cloudy,Afternoon,4.49,15.6
ORD_14894,8.13,24.6,High,Clear,Evening,4.73,61.6
ORD_14895,5.22,32.1,High,Cloudy,Evening,4.59,53.0
ORD_14896,4.49,25.4,Low,Clear,Night,4.53,30.6
ORD_14897,9.99,21.9,High,Cloudy,Evening,4.43,59.9
ORD_14898,6.59,19.9,Medium,Sunny,Evening,4.16,35.4
ORD_14899,14.31,30.1,Jam,Clear,Evening,3.94,129.8
ORD_14900,9.39,32.9,Medium,Sunny,Evening,4.82,55.6
ORD_14901,4.18,16.5,Jam,Clear,Evening,4.75,41.3
ORD_14902,10.06,8.0,High,Clear,Evening,4.36,51.0
ORD_14903,8.61,8.0,High,Foggy,Evening,4.51,48.8
ORD_14904,4.07,27.9,Medium,Sunny,Evening,4.7,45.0
ORD_14905,4.83,19.7,,Sunny,Morning,4.85,36.0
ORD_14906,9.79,21.1,Medium,Cloudy,Evening,4.47,49.3
ORD_14907,1.92,9.3,Medium,Sunny,Afternoon,3.99,14.8
ORD_14908,1.38,15.5,Medium,Sunny,Evening,4.17,22.0
ORD_14909,7.55,18.2,Medium,Clear,Afternoon,4.19,37.4
ORD_14910,7.22,21.2,Jam,Cloudy,Evening,4.11,72.7
ORD_14911,7.95,17.6,Medium,Cloudy,Night,4.35,31.9
ORD_14912,7.23,13.8,Low,Foggy,Evening,4.39,35.4
ORD_14913,8.78,15.3,High,Clear,Evening,4.17,52.6
ORD_14914,13.32,27.2,Jam,Clear,Evening,4.4,117.2
ORD_14915,6.85,21.5,High,Rainy,Evening,4.32,64.0
ORD_14916,2.5,23.7,Low,Cloudy,Afternoon,4.67,27.1
ORD_14917,1.74,14.6,Medium,Foggy,Afternoon,4.49,21.1
ORD_14918,5.51,8.0,Medium,Sunny,Afternoon,4.59,21.9
ORD_14919,5.6,16.9,Low,Sunny,Night,4.32,26.5
ORD_14920,2.81,14.8,High,Clear,Afternoon,4.31,20.0
ORD_14921,1.17,22.1,High,Clear,Evening,4.73,30.4
ORD_14922,5.26,39.7,Low,Sunny,Night,4.05,47.1
ORD_14923,16.58,24.2,High,Clear,Evening,3.91,93.3
ORD_14924,8.58,36.4,High,Sunny,Afternoon,4.32,69.1
ORD_14925,8.15,23.4,Medium,Rainy,Afternoon,4.83,48.4
ORD_14926,6.16,16.2,Medium,Clear,Afternoon,4.06,35.3
ORD_14927,5.51,22.1,High,Clear,Evening,4.84,42.4
ORD_14928,9.08,30.7,Low,Stormy,Afternoon,4.31,57.1
ORD_14929,3.05,31.0,Jam,Clear,Evening,4.09,50.1
ORD_14930,18.99,16.5,High,Sunny,Night,4.03,87.4
ORD_14931,3.21,21.5,Jam,Rainy,Afternoon,4.8,53.8
ORD_14932,9.55,11.4,Medium,Clear,Morning,4.36,35.1
ORD_14933,3.42,24.9,,Rainy,Evening,4.72,48.6
ORD_14934,7.34,29.3,High,Sunny,Afternoon,4.89,56.0
ORD_14935,10.14,20.2,Medium,Clear,Evening,4.29,46.7
ORD_14936,2.15,16.0,Low,Rainy,Evening,4.82,23.4
ORD_14937,3.68,22.2,Medium,Cloudy,Afternoon,4.02,33.4
ORD_14938,3.85,22.5,High,Cloudy,Night,4.45,39.0
ORD_14939,5.8,20.5,Medium,Sunny,Afternoon,4.09,36.2
ORD_14940,7.89,21.1,Medium,Clear,Afternoon,4.82,38.2
ORD_14941,16.76,19.0,Medium,Clear,Night,4.91,56.5
ORD_14942,4.8,26.0,Medium,Clear,Morning,4.04,37.0
ORD_14943,16.17,24.4,Low,,Morning,4.01,53.7
ORD_14944,8.4,14.1,Low,Clear,Night,4.27,28.4
ORD_14945,3.14,13.9,High,Clear,Afternoon,4.03,25.1
ORD_14946,6.17,18.5,Medium,Clear,Morning,4.4,35.6
ORD_14947,2.53,24.4,High,Clear,Evening,4.56,32.9
ORD_14948,5.51,20.9,Medium,Cloudy,Morning,4.29,36.5
ORD_14949,5.28,16.1,Jam,Clear,Evening,4.3,53.6
ORD_14950,7.41,21.6,High,Sunny,Evening,4.64,49.6
ORD_14951,9.57,18.0,High,Sunny,Evening,4.83,56.1
ORD_14952,6.47,25.3,High,Rainy,Afternoon,4.27,53.3
ORD_14953,3.39,22.0,Medium,Cloudy,Night,4.11,34.3
ORD_14954,14.27,18.1,,Foggy,Afternoon,4.39,77.1
ORD_14955,17.37,21.4,Medium,Cloudy,Evening,4.29,70.4
ORD_14956,6.09,27.9,Low,Clear,Night,4.89,36.3
ORD_14957,8.19,16.6,Low,Sunny,Afternoon,4.89,29.2
ORD_14958,5.89,22.4,Low,Cloudy,Morning,4.74,32.3
ORD_14959,7.45,19.6,Medium,Sunny,Morning,4.76,35.2
ORD_14960,7.68,22.6,Medium,,Night,4.14,35.9
ORD_14961,2.84,16.1,High,Cloudy,Evening,4.44,30.6
ORD_14962,5.58,20.7,Low,Clear,Night,4.77,30.7
ORD_14963,11.94,26.6,Medium,Foggy,Evening,4.69,59.4
ORD_14964,11.36,14.4,Medium,Sunny,Afternoon,4.26,46.2
ORD_14965,5.52,12.0,High,Cloudy,Morning,4.77,28.9
ORD_14966,7.77,12.3,High,Stormy,Night,4.65,55.7
ORD_14967,5.78,13.0,Jam,,Evening,4.86,57.3
ORD_14968,9.78,23.6,High,Sunny,Afternoon,4.88,61.8
ORD_14969,2.14,11.6,High,Rainy,Evening,4.46,31.0
ORD_14970,9.09,18.2,High,Sunny,Morning,4.42,60.4
ORD_14971,14.81,23.7,Medium,Sunny,Afternoon,4.86,57.1
ORD_14972,4.32,22.5,,Rainy,Evening,4.8,32.3
ORD_14973,13.69,17.7,Low,Clear,Morning,4.79,37.1
ORD_14974,8.0,21.1,Low,Sunny,Morning,3.98,36.5
ORD_14975,6.46,20.6,Low,Clear,Evening,4.71,34.8
ORD_14976,5.49,18.7,Jam,Cloudy,Evening,4.45,56.7
ORD_14977,13.96,18.7,Medium,Clear,Morning,4.64,54.4
ORD_14978,5.79,33.4,,Cloudy,Morning,4.15,60.0
ORD_14979,16.05,24.9,,Clear,Night,4.05,85.7
ORD_14980,15.03,34.9,Jam,Clear,Morning,4.1,135.8
ORD_14981,5.01,17.0,High,Stormy,Morning,4.66,46.9
ORD_14982,6.06,19.5,High,Clear,Afternoon,4.74,105.1
ORD_14983,1.67,12.0,Medium,Clear,Afternoon,4.85,18.6
ORD_14984,6.59,15.1,High,Clear,Evening,4.22,40.6
ORD_14985,7.09,31.4,Medium,Cloudy,Night,3.54,47.0
ORD_14986,12.66,16.9,Jam,Rainy,Evening,4.56,113.6
ORD_14987,15.48,31.5,Jam,Rainy,Evening,4.43,144.8
ORD_14988,10.31,12.5,Medium,Clear,Night,4.55,37.1
ORD_14989,12.08,13.7,Medium,Sunny,Morning,4.57,48.9
ORD_14990,6.05,18.0,Jam,Cloudy,Evening,4.87,55.7
ORD_14991,2.97,19.6,Jam,Cloudy,Evening,4.62,42.0
ORD_14992,7.99,25.5,Medium,Cloudy,Afternoon,4.35,47.4
ORD_14993,12.54,22.7,High,Cloudy,Evening,4.58,79.1
ORD_14994,1.0,17.5,Jam,Clear,Evening,4.35,26.3
ORD_14995,7.29,19.2,Medium,Clear,Afternoon,4.37,35.2
ORD_14996,1.86,18.1,High,Cloudy,Morning,4.89,26.4
ORD_14997,4.09,14.5,Low,Sunny,Morning,3.84,25.7
ORD_14998,7.47,14.7,Medium,,Afternoon,4.63,35.7
ORD_14999,15.62,26.2,Medium,Sunny,Morning,4.77,69.1
